,distance,sigma_x_A,sigma_y_A,sigma_x_B,sigma_y_B
0,55.56550409766151,2262.916857873096,2262.23853402219,4963.752358698222,4963.548675176732
1,103.2603684627912,2380.585538430096,2374.8273193072373,3552.761365412526,3555.2924809515184
2,19.164643432439835,2281.025386466645,2276.6471640242976,2879.579851887809,2889.0640700248305
3,64.39130347956974,3115.542980083906,3112.0240899399623,2829.813667837975,2825.554354056058
4,39.69293045057076,2419.968742836737,2420.849478704763,2860.784246446686,2864.710968915275
5,18.005254483549766,2854.114302252994,2854.0860671202067,2570.915520663367,2571.752908901545
6,70.9520537533315,4542.810182727652,4540.687426284438,3211.076863731999,3209.956543458652
7,19.47302464473232,2824.2392959253466,2824.6700462137833,2327.8316971109125,2327.8416608867437
8,39.16561167820331,2190.189695369326,2190.2297172794074,2501.4109668529,2501.4120460302843
9,57.397553992025216,2120.6963989224378,2121.165307455967,2936.2481667675543,2937.0128962895833
10,25.622740925195348,1819.6829264212101,1820.864756783083,3282.1900368228594,3282.477874752223
11,34.72495854689672,2283.7460746559927,2285.7615467261894,2799.7378438533915,2799.1610735812915
12,39.65298155939543,2468.220733207757,2481.1962286759945,3005.3756300534933,3015.582175624544
13,49.09920216284861,1472.7481548372944,1474.008707391137,4488.305240961428,4489.498497315127
14,53.32165221131425,2369.3086943308526,2370.810364038089,4204.546415243255,4202.338531737824
15,76.73251529481824,2676.849762572116,2677.968745909553,2143.967647631812,2150.322915429182
16,34.96049602378163,2979.7325197883883,2979.8048618655735,3088.012927543844,3087.109175066271
17,14.281560550828459,3034.4770059490647,3032.5355508727007,2256.2893473908694,2255.9599299869637
18,20.33526619869533,2645.6936965532095,2646.048829132859,2194.119432359907,2193.784578761851
19,18.52293701249503,2230.3846043414246,2231.934328012875,2581.346239547211,2606.92431795175
20,11.583440121768112,2528.410828752598,2529.6261508056014,2813.0887629862314,2814.0346251349533
21,22.416951647508597,1945.4033107440819,1945.2483109950333,2447.59223726724,2447.0820569382972
22,46.458560764851576,3060.0969800793064,3043.9740177638523,2032.3863309056424,2033.5496794616508
23,16.52230278944783,3203.30100939595,3204.1641782342904,4028.3235867638755,4027.507771300406
24,24.628486340954087,3458.198455876455,3458.5002931185477,2327.0396564573384,2324.0094776671726
25,55.63464741284478,2763.4752565293434,2762.295832011328,2125.638762772341,2125.776046585898
26,9.49175655874224,1989.3885722878872,1989.6022404423395,2454.057996717407,2453.7164018514845
27,48.33086453802442,2461.2170265474506,2454.49660333854,4129.826739995417,4131.039068605772
28,9.190068903234014,1605.6981683130573,1605.7214147704094,4379.247289423579,4369.706950789037
29,18.86404941737733,2555.815713024673,2555.640407222381,3473.103102549337,3463.0479084778253
30,40.252046760839264,3138.4124883269988,3137.1895998963932,3095.604905028767,3095.277400260577
31,2.1525418810944266,1979.0677723369308,1981.7936678142398,3293.140101501827,3276.5462810365116
32,3.256216837033071,3895.1517821537714,3890.3220600336413,2825.98291732328,2823.4204101447394
33,57.368482670135585,1951.6600572683042,1952.62365114543,3643.3676097442585,3643.464661158333
34,29.966800517382914,2910.9669823282634,2911.8256194860014,2350.637906023594,2354.23634607683
35,85.93570742819034,2207.3080279987357,2207.6925758376597,3099.4989566071067,3099.2112675813228
36,53.856756074569745,4336.222677860366,4336.676265747118,2601.559568298538,2598.8475740822896
37,7.127308361788248,2319.9937760252033,2321.641620407638,3794.099462911721,3797.434565769607
38,73.13715741324808,2926.17066502184,2926.2855320121844,2708.6257227233496,2708.334790853662
39,71.04259520270185,2836.4692411037418,2828.616189035007,2990.6399488709744,2993.135104972472
40,3.235423716392435,2400.1396081569483,2401.1052210865428,2791.8686818920537,2790.017830544499
41,27.912415839273898,3153.007645283973,3152.8858584991417,3398.910200729882,3400.4837464141374
42,23.213492436671885,2071.3799252062995,2072.5266832921484,2728.2330605914785,2726.0241845760343
43,64.06481443969032,2784.423767431586,2784.25983302153,2412.34146767081,2414.2434567891673
44,12.947370618292947,2296.8851982505394,2294.999597184564,3077.607855063403,3089.6552376084796
45,96.26381690261614,2639.524466700344,2639.9036843658473,2848.768294346099,2848.353955665309
46,13.535162848297855,3759.2417553748,3755.3115790565516,2595.0796180874845,2595.274346407015
47,11.906178791360237,2726.485995990004,2731.608678898626,2495.5063280634313,2486.6941388567966
48,66.12861829446805,2557.6155267670324,2558.3983648313188,3298.6699908157993,3299.6085125911122
49,39.4772506552214,2339.0374078700875,2338.330989391433,2824.453545454603,2824.591684450625
50,26.12833048643971,2359.108896088032,2365.426151949669,3158.576357852214,3163.3504772417555
51,43.00703505848937,1726.891829097323,1727.5168918893858,3518.7421990588427,3525.453386648307
52,57.500052881153266,1748.1598289171102,1748.4386016098522,3315.079852150195,3318.499385245308
53,28.128496009879544,3337.7127652461545,3336.7878648316373,2107.1356848688692,2101.6623893545448
54,21.647157857967592,2764.968124709246,2763.247146494357,3058.927080681459,3059.001872189072
55,77.29439927671226,2198.8700907556604,2194.2491198974544,2992.187540649517,2993.6024604331783
56,93.97352990832148,2894.9322096451606,2893.4826937133744,3418.0564291475894,3420.2568609831415
57,4.831718558060162,1890.6759986300583,1889.5483630105439,3189.4510391451545,3182.8897911843264
58,4.857319075431979,4545.999698307221,4546.346124132969,1629.8653164661848,1630.2886165706482
59,6.80337165492438,2088.7237422129,2085.3487714618186,2853.44816905721,2853.6396118159664
60,44.34506990178283,3658.560651738886,3658.3301029071995,2263.8429392839384,2263.9094236002493
61,11.185396525694287,3634.440434288431,3633.5723226463733,2059.7310547815705,2059.7797254485854
62,40.74753327472206,3002.892835057784,3003.34090719244,2750.9478537300083,2783.7621383842516
63,12.928506326205968,2847.0560009385613,2847.2036394567654,2292.241600065618,2293.419192659397
64,69.7314717684339,3842.5933311241474,3843.713619369095,2272.342727494314,2271.675990718003
65,20.32957303326986,2015.3441877647424,2015.1574464244902,2796.773840923975,2802.4528942336683
66,34.40957105919307,2665.7463301256785,2670.254872918636,2981.821702131202,2979.463310464958
67,41.482623057805206,2688.8869780947284,2688.8253531436726,3535.6720152567423,3537.4687997568153
68,21.664258556317165,2018.7346112731448,2017.7245459418257,3866.296926795302,3860.253757189073
69,29.561566359807383,3095.523785776616,3094.4215160615863,2060.152429016312,2061.3601978092565
70,48.937638196701165,1957.5289893132226,1957.7826661275492,3285.909921981945,3285.3832728513844
71,25.430351083909276,2230.070517787033,2228.7161018833444,3856.6365580373817,3859.3378955108824
72,2.7718522563910444,2005.8514782274333,2009.2692360000756,3021.0814139297913,3021.268401605332
73,19.8450840404228,4520.725421475659,4514.630890401331,1684.6799457627712,1684.5770590230811
74,5.093049930008136,2071.5406357874626,2070.876963156941,2943.502236646249,2943.629377431371
75,37.91715281614499,2380.8927435814,2383.90410591567,2788.6659223370675,2789.945874812605
76,56.89371994019967,2213.6048936064212,2212.7139817726056,2319.963119889996,2319.2155293036
77,86.36385279844613,2339.0067565646623,2338.418002858061,2902.030703614341,2896.514867561997
78,96.93983728250474,2564.5233616962273,2563.8818224400247,2729.820769132762,2728.565277279662
79,21.019473473500508,3222.530037618923,3221.519805309057,2595.5982848058875,2593.337297770239
80,57.985456309916934,2900.0269395694754,2897.764892380228,2279.471112487952,2278.3961598412147
81,16.22837936523249,2648.6038914825654,2650.1685611452635,3216.9926873740797,3216.9805359522397
82,24.589233262333728,2280.287609875392,2282.1252017006877,2379.3167394308743,2381.153177579753
83,28.08312421790055,2005.463232898225,1998.8998402594916,3034.5718574765256,3038.2600978665105
84,25.43335332838791,2017.698013231537,2017.4329351212423,3382.329350425382,3383.757605947104
85,18.189046083662713,2302.283908062448,2300.080521988079,2824.9220132290975,2823.220266733806
86,19.011150518345584,2865.2327247516614,2864.1701650043824,2557.7261578661687,2557.200498958103
87,37.46674150995804,2454.4068510038605,2454.628550903783,2924.554681405784,2922.52423399783
88,78.89461179933984,3264.3643001245428,3265.116060450958,2860.9807465598806,2861.0399100850573
89,82.61148305220883,2526.3066910616526,2527.0964971618937,2754.706744210589,2739.6501966978512
90,8.007550130688813,2421.6281954927626,2415.1869821083405,2678.0132986785156,2680.720341764369
91,69.98203468629545,1991.603258168589,1990.6707604814737,2425.1702996504446,2425.1101763401575
92,6.630794991861582,3603.9025145764213,3605.373151733638,2313.3047220177336,2315.166025792297
93,32.625220222545856,2735.8715762344304,2736.0969826688624,2383.760684005733,2384.3467010445797
94,106.70520066465792,2329.5541061060785,2327.4690826721935,5018.306941750199,5018.082136314448
95,18.99412125470413,2435.0522346453613,2437.1168781540737,2368.6190749758994,2372.6637634543317
96,74.69399090113214,2236.7468339388492,2236.8844319773134,2610.022706748156,2613.6920257629813
97,52.17160745727711,2400.274080634374,2399.6104670248214,2994.9842889051915,2994.600122341047
98,42.655113480252616,2740.1517017287106,2739.013095826193,2672.5411735696116,2671.5976736354737
99,45.293992107606734,3413.717882562803,3413.593784308113,2285.7000365208337,2285.3258650891976
100,39.49460850060119,1783.5741161379767,1782.1668844471055,3411.7654431502915,3411.7840673750015
101,10.279123514140219,1841.6065504479984,1843.108537556939,3603.5463936147084,3606.34234121391
102,11.486960241720201,2081.593989894122,2083.1570033219805,2897.4561380824866,2888.284653699152
103,92.68113950618108,2508.1452559435334,2509.474476316194,3483.923919036476,3474.067450414938
104,101.70312081155166,2253.896825396856,2252.9233705509623,4056.597306145814,4052.942489752225
105,6.859720979381504,2772.52227057266,2773.708886328559,1987.9716710349437,1989.2908861575297
106,73.45722609482023,2059.5342745788525,2063.701109884862,10389.03626557076,10384.286944364758
107,42.726745816760314,2314.345630520703,2312.788511339389,2479.7644920870175,2479.19272728033
108,24.3590700896837,2146.50711219139,2137.7456471868995,2936.9540245371645,2938.9621100202717
109,105.67877445838815,1947.199799462706,1938.8065262362459,2540.788496641497,2547.220349148933
110,70.49935798780365,2478.0291439196585,2475.633285850226,2780.9686384281295,2780.5672903727645
111,12.456082567464104,2498.727292224359,2497.4988309695386,2957.942856413732,2957.834552431588
112,71.9860651307529,3041.4486597828673,3039.1636574067056,3555.1725561240637,3551.8661265983455
113,49.676774433264654,2164.046425037533,2162.9111953409188,2926.0941145171023,2926.8121544151127
114,92.76800350883798,3731.4368223133656,3726.1007976633305,2617.125762501312,2616.660543432563
115,38.08962446472329,2356.0305963296773,2356.138801269014,4150.334627557063,4150.74741697992
116,90.3857663362645,2164.5594072387826,2162.7559811888123,2279.2029511803485,2279.3978343044064
117,32.31036904623018,3206.270813849054,3207.8923415390504,2417.767748051161,2417.460369810611
118,51.37896961691312,3265.6922899336164,3264.287057384833,2581.2975447973395,2581.52056100151
119,98.73776196854637,6214.243653706068,6215.2972220522415,2222.418071412343,2222.6167016245117
120,90.63193587995042,2153.0639478153744,2151.832170960569,2437.325743708729,2437.512190965333
121,39.29702161725863,3238.5481541265085,3214.031932272787,2848.9067387941063,2841.098776316536
122,68.92556280426949,2358.5177706124837,2361.8893482752924,2887.593937349536,2888.344285708675
123,6.671470936178819,2176.0785613164876,2173.376380107994,3649.118236103299,3651.615757965419
124,20.74146883738037,2755.308300442285,2754.86631273476,3980.363779136714,3978.5039784417363
125,15.852236661165271,3639.8314485990977,3639.8548423504503,3975.062860034303,3975.4149793261695
126,90.55428945436502,2890.3013158718704,2884.411244919169,2412.9226322145632,2398.186722562016
127,65.90922953024469,2909.3394254999403,2909.5230830363357,2375.441305322742,2370.456091108035
128,35.07254136357441,3270.379759200562,3264.870593941257,2343.6275228046543,2343.2735620021076
129,22.611745753994185,2457.565241437937,2458.2148353287726,3071.980862240842,3080.1722623907267
130,7.255851248858213,2204.692234242503,2204.608061862481,2507.3877512918725,2505.936459240956
131,20.655343036009306,2133.9297079596076,2130.890839499039,3429.102105201491,3440.053732488916
132,35.991808869358174,2037.7740232161677,2037.107823878593,3696.891577399863,3697.891974871506
133,28.63855667664645,2119.3164942794774,2119.0291825747727,2540.0940217787197,2536.3363079508936
134,15.497131293691952,1818.745698687126,1808.728887282347,2687.5580380245933,2684.3860007245976
135,7.060085429983671,2864.135027044668,2857.3079197458483,1884.9005634209145,1885.683620055331
136,28.5228904766586,2536.5190056698502,2536.5212688292236,3969.116265836905,3972.2173404740065
137,13.879223013152938,2193.4930296242965,2193.283094357219,2445.0371791291336,2445.025150564267
138,0.4578797404685899,2305.1862289504934,2316.414328607232,4005.936395353127,4003.3993398195134
139,47.01735151234642,2911.4304264875054,2905.3004013779496,3455.444054626149,3454.087355658517
140,72.94992409560616,1853.6600700764939,1854.1797621337425,3318.2791894653083,3320.703448572466
141,37.409694734663255,2303.163611669813,2301.4647800904063,3156.5751290129406,3154.3345788846627
142,9.3591324497663,4369.4257324617865,4368.295681085443,1965.0928596764104,1964.7286033981
143,5.366645159362415,3512.3555927099487,3512.292118608269,3882.239749381868,3883.5505411649087
144,20.487555555684388,2413.4383349917957,2413.8227193525377,4095.792593206028,4095.880678057385
145,28.26856053112439,2170.085152705668,2166.5707893365066,2702.9330232983784,2703.715453749113
146,75.89716213411963,2432.669328116194,2433.7194155297316,2711.2524368658815,2710.9977247998677
147,65.09677010082737,2581.038761844902,2582.5634943332925,3438.1412281798116,3444.76366613536
148,8.420814545996695,2250.59319239216,2252.084258512509,3139.222457634653,3140.1286757298285
149,38.786908956118054,3178.854131123986,3162.030670287086,2095.3553980217753,2091.786378206562
150,42.209753103083656,3942.5739459934593,3939.483164323703,2139.2210186104394,2138.92525796664
151,32.3985654086257,2854.300935096519,2851.048209003085,2209.9363072147466,2211.491128642923
152,63.97492088851572,2640.6404205142776,2639.3165956984176,3537.054490330338,3536.3083946945876
153,114.93178451112938,4315.129470944415,4320.006917308628,2637.7722685471945,2642.7179380939833
154,77.47273583740073,1937.4849318193212,1937.242545727769,2891.2927093227786,2894.6540112641146
155,5.0183887772428015,4008.688711281778,4012.9675091100676,2766.2747616945385,2766.522312737972
156,16.938120683073482,1914.0245402879739,1913.5541265805373,4978.712328346441,4977.965287086351
157,62.37369985402777,2588.634821994588,2588.441744616839,3367.7855791112643,3366.894582316666
158,19.9829562968329,3044.800582236424,3044.8663901100617,2684.5991638557457,2684.5016062022746
159,118.48951330697862,2613.7495012596014,2602.965416010482,2262.3241591080273,2250.399269281566
160,3.7398727516930763,2117.891825105449,2117.1470191895655,2927.077570298473,2929.2131102101107
161,65.47852312356065,1890.297106390604,1887.2457036197336,2586.7803309212713,2595.567738998953
162,79.29969935002532,2302.423904781294,2302.7142774292547,2561.8467813053285,2556.577158064557
163,46.254393987884825,2837.321118974345,2833.1423189332418,2735.372200493493,2734.6626244607473
164,6.769417701122106,1966.4910504045915,1964.5808643713954,2592.693009046422,2591.9739680431167
165,53.09126782923204,2637.0678159237473,2636.3173808399665,4355.469249908184,4355.596178727452
166,6.192266859022485,3640.5784003174713,3638.1970833151054,2233.209163072502,2232.3441083994926
167,79.65711315415807,5164.877295017976,5163.423932243205,1849.3389792561045,1849.4967587729705
168,4.0336141561845205,3416.5299356100704,3417.7238758851363,1667.8589622151792,1667.8369737322826
169,80.12436124655892,2164.9326491690563,2162.919707877844,4482.862195255979,4481.870452004098
170,17.142750030953078,4040.981718553667,4036.6240036230765,2016.0709328559974,2036.539394130851
171,6.621070252018062,2688.5134981138376,2687.3660169081536,2987.253865572872,2989.8184211038397
172,36.85450650131155,1742.9337768101477,1743.8676756660095,3930.564465326716,3916.9847316174023
173,29.51441082468404,2483.575480739057,2486.757429966155,2420.887552710972,2420.606502190375
174,90.61398895828391,2847.05150776523,2848.5494617513436,3686.5008740009275,3686.7494272588715
175,48.83118547893846,1855.5304292815283,1853.732870896019,2218.3109623218143,2218.6965258558625
176,14.681775895210626,2996.3164553720585,2998.2238900548673,1858.1177066226178,1858.2613717103904
177,68.17941659117366,2610.598091173686,2610.677401151187,2797.8675036621107,2791.233526776578
178,112.23777240399991,4707.023637959522,4664.523187672943,1748.1785241292491,1739.5559315251633
179,25.829351698010367,1961.301745443082,1960.7925035596852,2712.9120960287987,2713.487232959253
180,14.90602271084515,2150.2306190847535,2149.259352629222,3388.8202841130346,3400.931555570782
181,7.314654758462829,2090.437553995942,2092.457200093203,4656.625327625263,4655.117190340246
182,38.1829777956759,2663.8167627574912,2665.786554336618,2957.2782427289644,2951.452252529886
183,74.04709273128782,2725.4545053756838,2721.4589992514443,3278.0563100893078,3273.507212748584
184,36.79824780423237,3909.3315827383394,3912.788387820231,2124.913706869453,2124.29743601317
185,18.89873730335693,2814.8522144940844,2813.342147164132,2265.9344112395356,2270.7245503170125
186,25.72979827087342,2492.2544087934143,2492.4878301619465,2632.3417526408853,2629.974869628965
187,26.781660327555393,2488.558151644749,2484.028973026181,2358.265518154881,2358.147091451184
188,54.77300312179789,2244.269179680488,2243.121138036007,3100.683675869236,3103.7373181705275
189,39.23824569077884,3389.931512035528,3390.495148512908,2829.0781003043526,2829.1348770289546
190,12.44344704231152,3636.0534716210996,3659.8167354060047,2869.9931209607375,2870.6508882913868
191,22.69166917108351,2896.7988480949957,2896.7002872729418,2911.4552510673816,2903.4936722857747
192,24.7906346699658,1796.5834029518844,1790.8292803174647,4438.242720587598,4439.827460619156
193,3.4624613892567537,2614.992827443137,2611.529647696589,2282.123943952722,2274.8461611331563
194,45.316186198355965,2221.7694623113025,2220.7301810365657,2752.918629728775,2754.427786497956
195,28.288102369023264,3248.854456566147,3251.4751862228773,2007.4873921929463,2006.595116191535
196,101.05595899315983,2020.2125475711102,2019.3260752522458,2953.760123182461,2948.9890548279627
197,9.435326175265098,4738.236373842363,4734.337515319222,1583.4433668379957,1586.915384289895
198,37.868333817490765,2577.117804584606,2580.97893985836,2457.9295861824185,2459.8164009293805
199,27.09178550575968,1781.0892085629755,1778.3721602938692,4310.3903868888965,4334.684797201186
200,13.927308355333652,2354.1575373967103,2353.7511969670754,4668.331207094333,4664.449665089738
201,47.37878649720292,1946.5414490039477,1946.5482670777108,4332.787527029939,4332.772343658344
202,4.538095993000471,2955.7948677461186,2957.1169936631054,2826.8163825532138,2828.5899657744008
203,99.83041731457428,2064.060784740322,2064.7732768552064,4228.210043264542,4229.196282917069
204,46.31306837873001,2835.2874754002582,2836.66225945504,4183.445816453452,4184.084913960968
205,106.25465287309696,2893.937630496103,2894.520264586845,3640.223772186258,3635.580372811013
206,79.36043143589208,5647.088560709852,5641.464492641296,2785.8057969976926,2779.873906882734
207,39.81055185075202,4954.343051431344,4935.814212509677,2022.323995339093,2021.6572130783313
208,17.602753074490245,2618.1449468758433,2617.470512960608,2971.282275111897,2968.885531950928
209,3.2005630950109683,3070.283611322625,3068.2960123698044,3792.4969289792234,3798.892190604826
210,6.315088978621761,2192.046953884702,2193.07961742548,2445.20962688678,2444.105813519287
211,15.056834983722045,1926.9696697193497,1927.412694924455,2642.5635888688003,2642.2638882219867
212,10.11644569731446,2625.552583383307,2619.314547440715,2807.222634777339,2807.147007876963
213,58.912947365921916,2572.4582904149192,2572.0521481623077,3505.3809905558674,3504.758969381426
214,3.4984702542113975,2973.4993365267283,2972.4397144567065,2654.5429997960487,2657.5605517437994
215,49.265617422341755,3929.3371075689647,3928.351223936992,1853.8787142772494,1853.826489480168
216,51.854512387796916,3347.882469716087,3349.0024788085434,2211.0561841550084,2210.5094989184777
217,12.858467864743325,2344.6642212087404,2344.4904952946054,3233.3617073246605,3233.2754137940465
218,70.30714828541498,3832.4582442495985,3834.0529477589007,2450.9345032233823,2443.2206649472005
219,68.47648920103236,2406.8451334808688,2405.2912175422,2953.0013046717636,2952.3848327655323
220,13.191648867373049,3763.181398576859,3757.6997539318654,2758.7239377003693,2764.0117831182124
221,13.15536126483711,2466.5881812310427,2466.9574760592377,2328.3162142484293,2343.218245768328
222,36.45926268131487,2002.6068519871053,1999.8609371080036,4731.171961847708,4733.318692984814
223,26.614568757942624,3975.9861470677715,3976.5959015688927,2081.7825744060815,2082.80089408173
224,59.23635092790546,3029.5594367758276,3032.021167831099,2291.4445016084883,2293.5368641340096
225,41.600776760598684,2830.308796418583,2827.3156001594393,2728.842288880253,2730.201395559746
226,31.043742689868285,3181.325277127896,3180.4548341916598,2282.7391690282984,2283.745512512106
227,8.165522452787409,2623.8253693287993,2624.7673080591976,4315.5167257384,4318.310039044522
228,34.95156107218316,2491.459928120826,2494.460452159274,2877.66253752733,2874.275979010376
229,72.9569510183494,2194.8938213690985,2194.305327964415,3059.2519306488452,3058.39020163987
230,8.054926412942098,2925.9168790682493,2925.3807832169196,2317.8142400905845,2316.328927430394
231,10.819640533007323,3389.575392607583,3386.1066060147155,3120.7824183326425,3122.42430109214
232,18.65365507931885,2346.5746540586383,2346.6702190697624,2947.8369225086167,2949.5979678776343
233,116.06197630216846,2315.830141089778,2307.2969610761297,2613.158517744877,2611.808279928238
234,26.362441845559413,3202.9617061888835,3222.0378298196933,2249.0812524191256,2249.040907479501
235,8.532347204204704,2098.8448703901377,2100.982726446152,3246.643891783836,3240.413066747838
236,5.810635561402145,2211.8864587785815,2208.7027058968356,4352.021242003166,4354.615377342046
237,6.154026830501153,1984.6311044198537,1986.1201074397886,4016.296473626546,4018.1660908013123
238,69.7326131354063,3215.172903540749,3216.8631364661023,2565.370943557031,2560.8512109380463
239,19.547285939764134,2482.390637381083,2492.4401871838713,3013.2004922349647,3017.7696995928036
240,96.03947845381234,2564.916293278436,2563.924767575033,3164.2429960314616,3164.215999107559
241,59.46464538353735,2368.3633269953484,2371.696424184167,2309.328279754092,2312.391183804278
242,9.384943679845517,2296.07552968565,2295.843714660216,3050.7418400991896,3045.4158373607006
243,20.874657269274326,3040.080297245894,3038.574013184466,2969.8296337811666,2970.082593714285
244,33.301173750050324,3643.338351384067,3643.3946642388637,2864.609541105932,2864.133631543673
245,57.71853185762129,3279.1476281507335,3281.9657563057704,3024.4335938730724,3021.264793014418
246,63.115668999031556,2710.3967584238007,2710.448115025691,4557.207151712855,4554.572251738067
247,8.313111431747087,2359.8736478128308,2359.54555028683,3821.1516086309994,3822.347375823124
248,20.907094093700707,2453.0026377190493,2448.7737777066377,4775.665925022782,4776.484051125104
249,22.011937812790617,3935.5181941998035,3930.3641985792965,2078.048926926136,2079.416668838591
250,37.461144448768906,2943.599320186792,2943.228923819415,2558.147644321515,2556.37116180411
251,31.56363576846423,2419.4594944646174,2418.243380710011,2317.172454277462,2311.5324965711993
252,8.06648835683679,3103.499681086617,3098.4607746639354,2246.3238389199014,2237.7200139679485
253,56.817123429785084,2383.578636305424,2383.5465644645815,3113.9175100655857,3113.848838352268
254,70.79487148765448,3460.8596008368218,3472.287616078625,2316.643561748412,2316.555474163179
255,95.72563006156697,1972.7788039649918,1972.9891897773073,3485.0640165445675,3480.787462488408
256,6.954817888864178,1772.4535919939267,1770.7251032058418,3030.436572494131,3024.641434545998
257,99.4053921987868,2366.296294421972,2367.5645287607927,2897.9459664344604,2904.085122529767
258,12.545401494422704,5114.31408944307,5118.142901736457,1881.240157797439,1881.0549442791507
259,56.85596065787088,1848.307483713291,1849.6421915075616,4585.369360232674,4576.276124984767
260,81.5222570844776,2188.6507421031615,2190.8050234056504,2240.6929631215894,2240.272312482433
261,22.333185902789438,1905.7884717902236,1905.6322769675971,2937.4052157702517,2926.74683830644
262,14.68731925233316,4674.824482445395,4666.875337675568,1731.8996529693345,1731.4502856376537
263,47.06272362361194,2420.9058933182323,2418.2073627822106,2568.7204646531322,2569.214945713516
264,26.071954857417847,2082.1892102936813,2081.124464564248,2385.628148736003,2385.34989271867
265,19.581493601169093,2220.628563687467,2220.419551685924,3096.7796818620022,3095.982125181056
266,46.62888689475415,4224.927870920752,4227.624459814917,2364.357130930128,2364.256573966093
267,27.99236795348545,3058.741494683812,3059.8507176423195,2495.406950337608,2495.253659782162
268,49.71032527997784,1782.8699323922772,1781.6858572540145,5289.22375361842,5300.724927787848
269,28.488536812611688,2183.6967739962197,2183.0896115251994,2859.4276871691245,2858.4403123712755
270,83.68712112507428,2015.8719814601372,2016.9904531172822,3121.1331747604236,3121.6141860205394
271,28.284267555903345,2645.8565284727583,2658.001533434395,2580.6981336054896,2580.6238894065436
272,35.24789121350183,4971.897426198365,4974.803932659869,3332.156236297568,3331.5707516050325
273,57.50822817104881,2950.474460842764,2950.5276871031465,2896.5281180527168,2898.0656780681716
274,24.745742327023308,2301.721487802831,2297.273432386564,3971.022279875738,3972.8446385957354
275,40.75747312217084,5075.989955076969,5079.882013877698,1957.5738577079792,1957.0625245529047
276,32.66067392543421,2185.5576542431786,2193.4632152807008,2618.606130107552,2619.000154806953
277,27.908925933373492,2217.9072110650923,2216.92576920136,2175.123008950378,2175.4220273422084
278,53.47115966683688,1963.6802216858237,1962.325706517678,2607.2061151959606,2607.290386931952
279,23.320137128256874,3203.8533344161333,3195.431706205213,2590.487005032286,2591.0057413245268
280,66.63333809836715,2511.397857263374,2512.6446224735,4610.457645546044,4640.174468215305
281,35.22382495319846,2548.5529228241444,2548.1730770470945,2659.3060559722985,2658.2038010696556
282,67.77112170180419,2149.4270929343716,2150.092213447279,5138.673260105724,5138.707329542751
283,115.2450236461101,2275.564553320034,2276.1217674540353,2445.032906248739,2441.2192700104724
284,76.95114289909235,3182.127884999047,3179.0911101443394,2426.745396483915,2427.4689662883898
285,93.03944333070456,2428.269636244458,2434.249976741779,2214.2289110413208,2214.3827320299124
286,57.410850099798374,2697.7045112338906,2700.021076592803,2889.01348787895,2891.8261745502064
287,113.78193243415541,3609.5929461234364,3619.3330716257897,2401.7137115649216,2402.685988888071
288,51.38859513387923,1972.6848420487902,1971.71104727662,2957.724958125742,2956.809399878288
289,14.705872875535439,3093.2635699734487,3088.839024746077,4184.333744276218,4186.579537283088
290,4.613764181858783,3118.1928513485045,3114.774918340999,3812.445491645093,3813.2559099835194
291,20.812824716686993,1980.7522008448532,1980.6381714539932,3226.2963003944365,3224.4480580040536
292,49.68962655672819,2546.219789032143,2546.428188962495,2852.08495112966,2853.1359484997174
293,3.042905881606637,2070.6149532014374,2065.882706503608,3016.9530957328097,3013.7987991593986
294,22.67230745796237,2238.908280831058,2238.2834766416413,3847.2271107393944,3845.4555670938576
295,33.83585685582191,2062.612951368713,2063.248857933168,2852.4700531888448,2853.0314526093844
296,23.380921006327263,2625.1428608529263,2625.781545639232,3177.35353981431,3178.5948712319596
297,4.553573875428079,2044.8658037061755,2044.495891559954,2791.705690713518,2791.8459348645533
298,15.133879974303014,1838.0832636967486,1837.5363201540608,2813.292294236591,2813.811824106694
299,14.042175244152824,3151.035609112586,3147.527297916877,2165.6187658303847,2162.660004334046
300,8.370648275111277,2329.847680680348,2328.92549025411,2268.0782537819678,2268.0312340402397
301,115.01112800982372,2190.4106444950453,2190.1137354206057,2904.770612733618,2903.087048269684
302,37.1033976907915,2056.457670094086,2060.760028285841,2564.639573224645,2564.738558078157
303,71.76181906136783,2567.68980991515,2565.6118894434826,3510.8384368395605,3513.481974549492
304,108.26067809106232,1486.6977939447638,1486.8552523082485,6020.708655867272,6004.789216654743
305,30.203519297715037,2069.6775642762777,2071.4396050494197,2623.216709152449,2624.905428026555
306,11.727143284559746,2710.551968608877,2708.8108949817106,2306.8529450629635,2307.9916157287494
307,11.559028978714801,2552.800907631163,2551.2109069752387,2695.4015519947584,2696.237510864562
308,14.914144529865492,2594.957725542743,2595.257517211504,2577.3909171969412,2574.5249336331676
309,21.84998035782705,2683.2915043414305,2684.038502419399,3144.7784858305636,3144.024644603879
310,37.93822139212778,2385.307792908382,2385.9868460690977,4330.023363812857,4330.479928900526
311,10.234028413606095,2455.9519565823734,2457.352505615852,2504.3201535129397,2506.6902413905595
312,49.55130482025455,2237.2558622917654,2239.1536170283352,2935.685492472984,2935.8639831407395
313,30.941366200793667,1954.225763378188,1954.922603171182,2584.935388315802,2584.953989628271
314,118.61326213637109,2558.171044981902,2558.9247565197547,2432.7468233311165,2435.1386585729892
315,28.137925950993747,2461.1620642106873,2462.7449629175153,2544.753103393742,2544.766186533702
316,13.270200681535721,1662.513610825576,1663.979461856479,3298.339493385151,3284.506029616265
317,30.914612260097822,1972.0499356413627,1975.7439383988574,3262.6310264421772,3262.2059520190473
318,61.430958898721535,2233.124349404227,2234.0964907469534,3376.1285458029324,3374.2676143890317
319,19.745149777338614,2377.800836985804,2376.512836651642,2435.851048371251,2435.790514025156
320,76.11374430298584,2714.108173154312,2714.1971009962135,3922.5972679226297,3923.960251314477
321,50.12937856855221,2043.8093097341368,2044.5308097975235,3949.47024870633,3944.7886726257098
322,63.936630765194344,2310.791162427565,2316.5627368481687,1942.7856644328429,1944.252828159856
323,34.71600576109657,2578.1090445253335,2578.009035701078,2807.2516358764847,2807.407673188993
324,98.7313960643832,1985.1703653792129,1984.8198159310875,3887.1170766954683,3884.856635109111
325,10.265888664972234,2084.060201632064,2089.386900562497,2181.2427987672036,2180.9819265332258
326,7.813929914603243,2765.026309087619,2765.4906146176118,3431.932529100989,3435.553362404401
327,80.65613630721184,3134.9639077672987,3134.8200624133433,2120.42469696325,2121.498241895772
328,79.50839893792053,2595.326184830495,2595.6868224952386,3421.508768885022,3416.475484233893
329,63.70749168198099,1597.378545453979,1597.2868503342959,5218.8560990115075,5214.493168995201
330,20.86363659148091,2968.9323620910277,2977.851633314693,2359.570751224219,2361.407778225644
331,48.59975555955335,3335.247135347433,3335.7699727311224,2089.409704694254,2088.297795224179
332,15.682170585288873,2797.1938674388916,2796.9403768155858,2171.305935661628,2160.0612660479555
333,13.343382661090752,4052.848864142499,4055.014265920539,2464.4099353242877,2467.714238872583
334,94.97629247263791,2801.4781547742273,2802.3882836216285,2089.0137495415083,2089.8894929908547
335,91.9820659745969,2083.345847682284,2080.881946241216,2754.165755921831,2752.269945305427
336,1.7832791576405307,3200.559139519597,3198.474063088289,2763.8487401028756,2764.1766266126874
337,21.07814146960564,2239.7739727037047,2239.7418137346567,3786.8833938699004,3786.2758544967764
338,30.445075011933774,3119.5791263536303,3117.9311389812533,2724.947938190436,2723.615373960279
339,12.717216317798206,2171.8352094976344,2171.140552598706,2735.4203980166417,2731.4291526712504
340,112.2820441420369,1836.3169075680628,1837.7989802181373,4847.38080443272,4836.848885580719
341,5.406579143643952,3015.030529687231,3014.3219969474285,1977.5766796154783,1977.637949181052
342,18.944649518756908,1873.8191440723758,1872.6881391997385,4374.530668989045,4398.0139204971365
343,100.49335471444083,1860.0996905524887,1864.6144437869605,3072.8033412315676,3073.3375167566733
344,18.675409156147204,2385.754797713782,2385.5477557071285,2841.7927014520524,2837.8046379341595
345,97.41903031615948,1891.8774124101344,1893.1666336634214,2775.1965222464883,2784.4204465979187
346,8.309845975622975,2305.3261404475315,2305.4587328113826,2457.9111969075648,2457.65357333034
347,73.22157831882626,2879.4561315797005,2879.9428896501354,3741.7400448709795,3743.307609938283
348,118.06350098661115,1939.1296160912711,1937.8917038281925,2979.4443815979425,2991.3403962157113
349,59.65675943281647,2874.649493095862,2872.5181763749047,3618.460829749716,3617.185131005428
350,43.60791428278497,2478.042794284654,2476.1112423978425,2167.39180937867,2168.288370512619
351,10.641437972504397,3237.2469231155865,3236.567852491614,3244.943011098571,3245.0796355537004
352,18.25246009986532,2271.8211656740336,2271.9681592505626,2436.0353394867543,2435.8515431473365
353,21.542673224080694,1838.999772030048,1838.1904132685981,4266.873660014927,4259.330471151067
354,82.97152377135403,6813.0599680272635,6811.066077760477,2771.7241427439967,2773.493284326706
355,40.473396027920565,2389.6092511946126,2389.047664720586,3174.7851058867077,3171.162773592433
356,40.40240433192927,2647.7261504026797,2645.6941226470813,2778.8219405633745,2779.5361523212414
357,38.46853449430181,4669.8342324223595,4673.5705506879995,2266.9665188679123,2266.5583540576913
358,3.104119495889216,2676.489604964041,2672.834180009265,1889.6534799046358,1875.5339315778551
359,11.236948526963378,3227.794618434434,3231.4876125727524,2739.680540258267,2739.6448981883573
360,25.434851247122605,2430.4219203383677,2430.866822170545,2434.1550102564047,2429.0760616147913
361,99.05599389366363,3531.333536983081,3521.0268804677776,2219.7537403405845,2220.257306718108
362,19.843693227730434,1869.658495575789,1870.1630115493751,5176.433775266427,5182.005359160375
363,15.534023106357287,2479.2268919173857,2476.8258423978345,3523.513687513694,3520.780727161533
364,72.07387511001166,3120.1558987008257,3122.755655482293,4591.332564821936,4592.344324882188
365,19.315243818656718,2368.522889584419,2368.3022093551654,2103.3664873413545,2096.4225609521004
366,14.048938810050501,3494.065075732148,3499.394355002366,2480.5376033310035,2479.4592881610924
367,118.58169232689688,2103.1687407914196,2097.783908297198,4345.843289031488,4343.4906413602375
368,26.881436617891936,1995.05810369322,1993.2138145093534,2474.8491962720223,2474.84021668402
369,27.423380721048115,2460.304433702218,2456.0593656336914,2591.061653022966,2596.843079050685
370,98.91851033662304,2627.4579710496396,2612.8394773536033,3231.7427904971264,3239.679657967632
371,84.23558581887346,2173.7352589617403,2174.295031434953,3077.9464203953826,3078.5883168795617
372,53.258834611533075,3523.3197303033353,3522.1571475375426,2236.689420569075,2236.68228442106
373,62.20652251274846,3428.7216072770198,3428.4150523062635,2831.715081338716,2834.9990087220976
374,26.471624820999487,2372.2554653266006,2372.074650542306,2694.2968561957127,2698.3554439762
375,25.677253452045626,2557.8395594765134,2558.8283679392366,2120.8077698305924,2132.34191002187
376,72.37656047844273,2096.9239647984523,2096.7927768306736,5313.787585661777,5312.88189241594
377,40.57098365349006,2331.2168285075436,2331.2433771496544,5332.3074953565365,5328.595117416102
378,19.144919096618388,1767.5598516730868,1774.8679807334836,4617.309901031645,4633.321807044386
379,25.456993344584948,3743.504681307417,3741.570114416133,3104.3163244197735,3102.18558978097
380,13.89357028897429,1922.7677402363643,1908.753344841909,3081.2880302429066,3079.278350246417
381,20.096819291060356,2668.0117155248995,2667.638514580893,3539.0995788269115,3539.67640562464
382,14.276666216606378,1995.0300524287122,1993.9880416283952,2931.006775611814,2927.006910421668
383,17.26803965642912,2859.595650155081,2858.892042899569,3121.5727089048964,3115.8145325038718
384,7.153791576292671,3809.426431683016,3812.712317303202,2881.3415405003198,2881.8769930999943
385,65.85135001003188,3411.1056947218376,3403.7975384030515,2071.974644802227,2072.6102434529384
386,87.1659755163743,1882.201738534953,1884.5330577348636,4680.080076381268,4677.85019677247
387,109.02860622440772,3667.453673487973,3667.6944645331673,2216.019244019085,2202.6995403553246
388,46.41072506234283,2312.409020113337,2312.3734653243055,2215.0297943353526,2214.9395853018336
389,7.392694166681843,1865.8516726190214,1866.5672893123772,3166.221362175953,3173.2100527546213
390,12.345594207643428,1843.8983045130842,1844.4466157458462,3680.428100106734,3680.3412738901166
391,5.654624249883938,2314.78455880532,2314.000260797448,3575.4195904611493,3575.112735623928
392,26.42481486851075,2297.178819770276,2297.59728668294,3365.8492116031184,3361.0589754150883
393,20.53726557581462,2590.6110535108746,2588.1831242121734,2301.031283766736,2301.915786178889
394,6.4292467715584545,2118.989436100424,2119.570766505017,3266.975415846583,3270.996526418272
395,2.843501175108096,2634.4044756778294,2632.0186968574885,2300.2349489646404,2299.791990970748
396,104.73394490567352,2456.9761614650324,2450.1974104120222,2232.281605421769,2232.8374349133537
397,28.965608182798146,3008.4644915132253,3009.6549308319245,3468.162238336368,3465.2172539759645
398,32.64123613125839,2451.6459516940945,2453.8423941143947,2740.6107732708183,2738.703182619664
399,59.15739057611972,3633.4021943921575,3633.3288928553593,3656.3311571217705,3657.226067403712
400,100.26427212977651,2664.819355830804,2659.872892422759,4133.820973698427,4137.012184232456
401,36.39868829315998,2446.0560007275208,2447.4925758871673,3071.07813977338,3070.3753814531296
402,35.1322041287412,2295.5606888045577,2295.3084226589453,2518.79924175798,2520.078048457725
403,16.316762697857335,2928.672641005043,2928.6642027049897,2758.120362495489,2759.0497245933007
404,6.648254752785365,2430.968193453628,2431.2785137484875,2375.8274289598794,2375.1783857321743
405,54.2401937620048,2039.0815398793497,2038.5803643862687,7267.530127452919,7297.22888373534
406,114.91896755164476,2164.128463181804,2160.3274672895736,3937.7401462117878,3928.979776078089
407,7.262741024438405,3116.428802987503,3121.3919468855233,2689.139397029544,2686.154381267275
408,12.949447266406926,2441.4466295205193,2446.2799824477065,2626.2368109686054,2626.3919581236914
409,110.42476339436547,2343.114592915601,2340.742351339948,2700.6064558035,2698.5500096703895
410,11.861339148356091,2394.127010019583,2394.1644321543367,3375.791109392395,3377.60535826211
411,14.003622478926184,3922.930129594231,3922.2007646929187,2195.2475779334513,2196.002580305267
412,16.618909391781237,2185.371488818268,2185.2566973085795,1937.0464564232059,1937.992464780464
413,7.316049579125331,2518.2261364639526,2517.425539523445,2552.6493917954745,2563.107794167923
414,15.17773817081076,2046.0117590523114,2047.8856612845127,4206.5024669519835,4207.68313392133
415,5.324104850524792,2689.191966426096,2689.2401986097866,2373.22578225207,2372.382738758504
416,24.940036265385146,1824.497688952164,1823.5483288435214,4310.154507874807,4328.853013858277
417,64.20274451471595,2488.1504526097947,2487.0069023862698,2591.4914278218243,2591.4221238470154
418,21.88652288872604,2765.253777954346,2765.6693181018645,4291.325735590029,4290.566650328343
419,7.3163398277849625,2763.6040400105703,2761.76814908099,3311.333150067088,3311.1358256020153
420,54.21029146203221,2540.3317989793504,2536.0140021542948,2890.240892699392,2893.78777776554
421,13.280997872936386,2194.1750839537017,2187.198500472281,3254.133353743979,3261.294877256964
422,27.18833520986623,2297.7598087843726,2297.9806857670933,2905.010382555679,2901.8421282263907
423,29.820958905290404,2170.2208404379994,2168.913361791428,2732.4675897433217,2732.4860303852843
424,59.70429994483228,3259.7124451214827,3258.4670098936767,2043.6883333143073,2043.7238317747385
425,47.85937822818852,2212.239667378405,2212.277471039258,3112.7927658141944,3118.0823174456905
426,13.04429022689789,1965.8962747304608,1966.974776346244,2357.291168040143,2352.8197542280022
427,26.362437806828943,3194.991537000553,3194.7978717061496,2182.8830093046563,2184.1060528286457
428,17.938498064704035,3332.310143044352,3336.816030042741,2254.6327829199427,2258.5457894514643
429,19.746206654234673,2844.3849258485725,2844.8841736354652,2534.5749966363337,2533.885788134206
430,72.89365623832634,2318.9765537322496,2319.280992454434,3553.827508256069,3549.497079851184
431,11.509140907822538,2876.27381077507,2876.812543263483,2296.272948417758,2296.8267769033296
432,58.20967578009494,2742.062698370344,2742.348617895588,3061.6238452887487,3064.2037270713463
433,98.25869166199955,3196.04220163486,3201.0693804329976,3864.6464516303554,3865.8858517225854
434,60.700292695019755,1873.588272080178,1874.0212973112052,4456.922235782426,4470.033475072036
435,9.488620881547513,1847.073447228868,1848.6782514031445,3815.355319486812,3816.281901231851
436,20.502628515989066,2195.3428869402137,2191.8472240909477,3121.6921941877954,3125.7576563199996
437,86.13024077992037,2441.385641118585,2438.006059770441,2184.55340491935,2185.840934409214
438,24.06029440020762,2248.508797055203,2247.5544144387513,2900.3973776264493,2909.4867160856015
439,28.66234221143401,2664.5700226140452,2660.473390648495,2298.4588365823133,2287.1820455431025
440,29.956143122164757,2826.738622026908,2826.4459910871346,2775.352612452311,2764.3472950053642
441,23.18358314718225,2235.6310230394392,2235.6222452865063,2681.5078744060597,2683.5145499414616
442,16.277024991007078,2751.5900776328144,2749.1617857172896,2476.796556375774,2477.6322133298536
443,55.96687147598302,3078.6039540588404,3078.6374120170076,2339.106307464046,2339.0002501595613
444,28.932697820553578,3466.242398224649,3466.360251512067,3133.5899762603503,3132.1686858593253
445,25.915494354410264,2447.4362778147215,2449.618846814506,3428.793405050391,3418.066140160779
446,108.22935080967906,2403.954189532499,2403.445491276831,2894.2639165890528,2890.6183979322013
447,90.53293760020695,1849.6295044677672,1846.7597834235155,4820.994371696445,4799.406203437542
448,24.664743799039655,2003.737878304468,2001.9897024385857,3308.2222583574094,3312.1124958741557
449,14.71969331128787,2834.1285659490336,2831.6637078269164,2396.745064634853,2394.455418081723
450,8.053264099903016,2084.5883969620154,2085.287288567026,3053.393987428311,3050.145808369666
451,48.03455261836002,2904.2728437043324,2904.143743926801,3909.6868031147606,3908.3211215677306
452,24.97811507108332,2011.9005141694543,2011.9949221940562,4180.373678956893,4179.114994643528
453,33.41256006660556,3369.44505781833,3373.5935064702335,2305.1057244423173,2308.616979537247
454,23.943120015964524,2620.9565840024907,2620.778303637099,3127.8143761434553,3135.616409413958
455,11.330373078799598,3482.944372516352,3486.034721454976,2622.7891113916135,2622.135496784058
456,22.753998212238525,1917.3802689051663,1918.7460835621662,2952.2939794390218,2954.4124983770994
457,24.379562593249567,1757.2404400253063,1758.4922571233442,2549.564252665286,2542.1108039676874
458,7.95554665496614,4608.449363999138,4621.805016800496,1976.7116935213594,1977.3486947225267
459,30.72537489323783,2583.2694773408657,2585.236416552506,4692.969627683844,4693.182041989204
460,10.314510317826173,1570.9841072719955,1572.1879999369844,4381.72668683849,4382.122344275042
461,9.629269565958174,3253.495747708122,3252.6508490490896,2508.2096779341546,2508.422848703242
462,11.246484108314565,2150.7542731212084,2151.1988907845803,2539.829442426239,2534.509373850328
463,105.7152144790952,2224.111138132319,2222.7068498897793,3932.384169394857,3938.9979169144026
464,110.62248175255037,3099.1778899223636,3104.9346796272507,2472.2216304738827,2480.9164856163306
465,36.62335486953684,2146.791580221734,2146.719161336271,2990.6540017930674,2990.9008615624816
466,37.17083834622676,3221.6383960419917,3226.7269386548173,2362.1519844268964,2359.5031625313004
467,56.5051907334574,3374.693030316668,3372.478571370053,2518.3829374509874,2515.796120934088
468,117.79230071017416,2259.5317610222864,2258.171639281635,3344.463735578494,3345.1928196224703
469,111.39559691463649,2955.5578046149767,2955.1076489849092,2210.6590663533634,2212.0784866780996
470,34.25332518949485,2776.7876547339993,2783.2976586884834,3100.006571873658,3109.7658239883535
471,107.8303356345926,1940.478617200152,1938.8869678980423,2715.4282078710735,2715.393577074767
472,51.56225123668424,2802.669915693089,2800.7893480547236,3476.2425061944964,3479.072893070374
473,14.639032662245159,2833.5227578697895,2832.100136699493,3031.6374798938314,3033.408048432315
474,26.288621799744845,2793.9436920922512,2793.0358172702686,4274.467904216734,4274.880057574055
475,98.44986017027418,2486.3029152548156,2484.67781868742,3260.464233392798,3263.856578421713
476,11.245167543459576,2178.2996851342587,2177.234810313753,4241.497285390828,4259.528683741787
477,95.9630078047085,3168.8084103364886,3170.892207474135,3456.9928457673145,3451.4513644144668
478,119.20755292844136,2801.9259831244344,2799.9417708688134,2677.5161334713816,2674.756071034348
479,22.05888145166466,2904.3021329304256,2901.02831090386,1939.9723784669545,1941.3056020684967
480,22.63266995029756,2636.667099168836,2637.126057701161,2331.8255047244947,2331.8295235127375
481,82.41604850859788,2028.863543074737,2028.8410099243565,3352.77786415531,3360.586709303737
482,27.3227279775853,2638.3502947768757,2637.5544712861183,3450.242138220084,3450.9787072147883
483,44.456767659416386,2726.0971308399844,2725.93929963413,2817.285311075728,2820.0120762745482
484,31.958647816208934,3205.195016930468,3200.9136716558546,2457.9237656291984,2465.5064955948183
485,47.619949897346245,3138.8215410904463,3139.096395928384,1996.3325974392185,1996.7020369131942
486,76.31879648908809,2848.1402511000088,2849.255473191547,3186.371875207256,3187.197410338399
487,56.62051261974096,2359.9043283331393,2359.2852633395946,2203.955904768364,2205.7639968384105
488,21.934970030851343,3397.201822970505,3391.708671921768,3026.3225795748276,3025.648174885267
489,7.328135524997571,2765.2290645359853,2765.066985771166,2516.333094207705,2517.2276502272
490,13.078960868066162,2657.9305516848617,2657.4908508430544,2169.1090468268226,2159.178381719622
491,78.6059863065382,2010.708530813161,2011.882816144173,3036.97675810884,3047.2014915902905
492,5.16289235884153,2366.375882614251,2364.4677706526627,2436.5861100107763,2442.0381288017725
493,13.448792595763017,2334.122161426539,2334.380996906186,3187.8854884933103,3192.9684590075753
494,33.948657050142565,4742.455874335687,4719.600656712258,2046.2448770898689,2048.74872532686
495,23.410304018537868,1932.6119218688798,1932.48089636675,3240.961118475613,3242.2618460000085
496,3.913351475700988,2055.352215805276,2053.6561396891834,3397.3984715745664,3397.3714334539063
497,19.318412226041026,2294.6069524036825,2299.2641167161655,2511.28711011007,2511.8122081747856
498,53.810320085042754,1994.0899378087936,1994.507080269618,3651.1463084887087,3652.516675534682
499,25.2011289463733,1698.777343252803,1698.0002848901386,3809.7083799680954,3802.4741928194057
500,17.209418571580894,1798.7311818351557,1799.863668712166,7229.225570810221,7239.0623012001515
501,69.06281727508433,3104.1073313741326,3102.822200331536,2958.900765731006,2959.515021675967
502,21.708052921433715,1994.0620563038005,1993.7878822105783,3882.2415139360714,3882.329848692317
503,101.60113062789826,1675.0371067012811,1676.5408962698878,2998.223854765764,3015.7427592887266
504,22.935637720136807,3447.9314554483344,3445.838004707459,3099.1014819008233,3099.19194718951
505,92.93570354049771,2937.146401268679,2935.7658311745167,3273.5612129245437,3279.209518646915
506,104.18107976995094,2132.4498091212663,2125.5366950806206,3847.9732880429406,3851.2233657032784
507,113.80227575430625,1676.6910325308504,1677.813866629538,4382.731153355374,4378.302147482699
508,41.32852325025455,3745.438555352342,3742.402122456049,2017.20979429221,2018.24553743417
509,72.5407079031674,3476.2407082163327,3476.4633327899683,2597.360248676299,2597.5702307725123
510,9.22783232051702,2808.440307188219,2814.840898900971,2126.837989796265,2126.975835942811
511,56.41094028334701,1999.573578191257,1998.1135622470124,2650.645965952208,2651.4830386644385
