,score,scale,theta_all,trans_x,trans_y,pro1,pro2
0,12.89204233,1.65,-3.116618093,-8,-1,1.133091395,1.537794845
1,13.13252581,1.65,2.120311589,-8,-1,1.154253156,1.423876693
2,12.20013026,1.65,2.072835934,-8,-1,1.072304395,1.502005674
3,10.35857919,1.65,2.531133098,-8,-1,0.910430936,1.095588327
4,13.30654835,1.65,1.696254017,-8,-1,1.169569008,1.357026643
5,10.30246939,1.65,1.672143159,-8,-1,0.90552872,1.123093279
6,14.68947123,1.65,-1.091498479,-8,-1,1.291158326,1.973708525
7,10.43281754,1.65,2.483987326,-8,-1,0.916957057,1.243585736
8,14.50065146,1.65,-2.82438417,-8,-1,1.274475678,1.674525791
9,13.83477962,1.65,0.831023261,-8,-1,1.216090368,1.910108322
10,13.2236881,1.65,-1.369554372,-8,-1,1.162295298,1.642777226
11,13.88929419,1.65,1.972220534,-8,-1,1.220774809,1.640254348
12,14.05954158,1.65,-2.655217198,-8,-1,1.235709017,1.538357197
13,11.27724792,1.65,2.765110493,-8,-1,0.99116896,1.268987867
14,14.22100023,1.65,1.824652409,-8,-1,1.249937188,1.53704089
15,13.49642121,1.65,0.512926192,-8,-1,1.186417202,1.476807501
16,12.77218317,1.65,-3.02150175,-8,-1,1.122557207,1.446221974
17,10.14921112,1.65,2.786304242,-8,-1,0.892024327,1.261538657
18,11.67854293,1.65,-1.768948771,-8,-1,1.026467047,1.626801358
19,9.681976687,1.65,2.047131003,-8,-1,0.850977537,1.20302026
20,13.57613876,1.65,2.820239149,-8,-1,1.193219809,1.731451317
21,10.82723169,1.65,-2.14937564,-8,-1,0.951629666,1.222713678
22,13.14733997,1.65,3.122392844,-8,-1,1.155529684,1.67812365
23,11.453291,1.65,1.756132292,-8,-1,1.006675745,1.391139804
24,11.60899175,1.65,-3.058798335,-8,-1,1.020323243,1.442615584
25,13.25453587,1.65,2.116363341,-8,-1,1.164977129,1.61687138
26,13.90567223,1.65,1.453671547,-8,-1,1.222242803,1.6762084
27,11.97868216,1.65,3.01655801,-8,-1,1.052815785,1.331405783
28,11.72031031,1.65,2.296369873,-8,-1,1.030123013,1.295214406
29,12.69594359,1.65,-2.166771453,-8,-1,1.115874314,1.496220973
30,12.66334866,1.65,1.25213472,-8,-1,1.113063209,1.572239828
31,12.29717051,1.65,1.651297325,-8,-1,1.080852657,1.615326066
32,12.80527915,1.65,1.550402713,-8,-1,1.125517851,1.503609498
33,12.77983494,1.65,1.363234797,-8,-1,1.123293038,1.367639102
34,11.42992556,1.65,-1.860635364,-8,-1,1.004611871,1.41440573
35,12.09253743,1.65,3.03819151,-8,-1,1.062822505,1.648887968
36,13.15162493,1.65,1.080588507,-8,-1,1.155999894,1.80024052
37,10.04921033,1.65,1.949498792,-8,-1,0.883258292,1.266974357
38,12.83043788,1.65,1.608694178,-8,-1,1.127726066,1.503139135
39,11.49354123,1.65,2.428641785,-8,-1,1.010187419,1.538904818
40,12.10588017,1.65,1.633700813,-8,-1,1.064040147,1.616687548
41,10.82197795,1.65,1.561903119,-8,-1,0.951195398,1.184621919
42,11.36213971,1.65,2.526425803,-8,-1,0.99863549,1.224462848
43,14.19717457,1.65,0.926161525,-8,-1,1.247926572,1.466851339
44,12.90959055,1.65,2.749835333,-8,-1,1.134637541,1.669856253
45,13.94006033,1.65,0.664409998,-8,-1,1.225381087,1.524240129
46,10.11507273,1.65,2.425057996,-8,-1,0.889031512,1.204880912
47,10.31128398,1.65,2.302587261,-8,-1,0.906280494,1.074601224
48,11.96968634,1.65,2.624581189,-8,-1,1.052031073,1.442597818
49,11.74458679,1.65,2.30793645,-8,-1,1.032256311,1.608051848
50,8.504233258,1.65,2.059699225,-8,-1,0.747461812,1.105386097
51,9.886646172,1.65,1.980133476,-8,-1,0.8689689,1.346747957
52,12.60056796,1.65,-1.923151139,-8,-1,1.107500806,1.686152897
53,11.136364,1.65,1.883366098,-8,-1,0.978814501,1.172651533
54,12.77429795,1.65,-1.285007335,-8,-1,1.122802124,1.534141422
55,12.13100688,1.65,0.035866649,-8,-1,1.066444852,1.311764948
56,13.13797027,1.65,-1.729291915,-8,-1,1.154742793,1.517565843
57,13.48360227,1.65,0.951426214,-8,-1,1.185199493,1.531213808
58,11.69872709,1.65,2.301237901,-8,-1,1.028225844,1.393908421
59,12.92441059,1.65,1.335435796,-8,-1,1.136002693,1.359574279
60,12.46648562,1.65,3.05164166,-8,-1,1.095689043,1.58626925
61,13.69525612,1.65,3.127059432,-8,-1,1.203686447,1.902193099
62,13.80189053,1.65,-3.05129951,-8,-1,1.213058841,1.560135663
63,11.64438686,1.65,3.125929686,-8,-1,1.023433993,1.391834489
64,11.80571804,1.65,0.554294671,-8,-1,1.03778623,1.416766417
65,10.78997024,1.65,1.667179076,-8,-1,0.948377493,1.198821178
66,11.00490203,1.65,1.626773003,-8,-1,0.967270541,1.318873081
67,11.4847264,1.65,-1.053752125,-8,-1,1.009475445,2.151465339
68,13.76501551,1.65,-2.798372224,-8,-1,1.209820319,1.623445999
69,12.7508306,1.65,-3.076822242,-8,-1,1.120680278,1.58248375
70,12.7026423,1.65,1.424648127,-8,-1,1.116503983,1.406397889
71,12.49057849,1.65,3.114672358,-8,-1,1.097806426,1.493392774
72,13.18186095,1.65,0.495804771,-8,-1,1.158769044,1.515643504
73,9.753153477,1.65,2.678036532,-8,-1,0.857216147,1.275778577
74,11.69152402,1.65,2.109302988,-8,-1,1.027600059,1.376410149
75,11.03098095,1.65,1.569896372,-8,-1,0.969565301,1.423372967
76,10.33865994,1.65,1.890920009,-8,-1,0.908701178,1.175876924
77,10.37096161,1.65,2.25737917,-8,-1,0.911527139,1.238310252
78,10.40035556,1.65,1.827275269,-8,-1,0.914126259,1.220165911
79,12.66865163,1.65,1.684227548,-8,-1,1.113502146,1.720646972
80,12.45809379,1.65,0.443119547,-8,-1,1.095155467,1.404813316
81,9.582559749,1.65,3.128499898,-8,-1,0.842218443,1.094973682
82,13.19852355,1.65,-0.289529613,-8,-1,1.160261333,1.744877947
83,11.7077604,1.65,2.11713813,-8,-1,1.029026804,1.542790468
84,14.69684483,1.65,-0.967099627,-8,-1,1.29182532,1.563488264
85,10.05482956,1.65,1.957623989,-8,-1,0.88375189,1.266539342
86,13.14394796,1.65,1.56308751,-8,-1,1.155284382,1.481541169
87,11.38335118,1.65,2.247181945,-8,-1,1.000508703,1.350281093
88,13.61907686,1.65,1.056033931,-8,-1,1.197091326,1.483983077
89,12.0450432,1.65,2.867970218,-8,-1,1.058649681,1.558178849
90,11.83855522,1.65,2.130979103,-8,-1,1.040522156,1.275886545
91,10.91665057,1.65,1.875550172,-8,-1,0.959503422,1.318668359
92,12.00732734,1.65,1.528251909,-8,-1,1.055383161,1.455216144
93,10.87579251,1.65,2.333569499,-8,-1,0.955895328,1.471932591
94,9.140346714,1.65,0.995354295,-8,-1,0.803425444,1.208458103
95,12.11843894,1.65,1.499464516,-8,-1,1.06515086,1.670450735
96,12.15992942,1.65,0.495908162,-8,-1,1.068934771,1.663146007
97,10.18830957,1.65,1.328908064,-8,-1,0.895511029,1.132622229
98,9.489718249,1.65,-3.036163044,-8,-1,0.834058732,1.172034975
99,10.59465967,1.65,2.736159089,-8,-1,0.931176052,1.152959859
100,12.40058866,1.65,2.743866183,-8,-1,1.089900943,1.496735523
101,10.03668269,1.65,1.653348887,-8,-1,0.882168312,1.162521985
102,13.56503045,1.65,2.637262695,-8,-1,1.192247564,1.842624307
103,10.78238475,1.65,-2.236167132,-8,-1,0.947685366,1.72868078
104,12.12191065,1.65,-0.670192486,-8,-1,1.065544584,1.605074958
105,11.53923966,1.65,-1.643851619,-8,-1,1.014227977,1.854154608
106,13.06755265,1.65,1.463365649,-8,-1,1.14857545,1.389622517
107,10.93533398,1.65,-2.511995684,-8,-1,0.961121474,1.469521192
108,12.56532257,1.65,1.535109361,-8,-1,1.104427736,1.232062632
109,10.2330563,1.65,1.985378304,-8,-1,0.899415799,1.262289944
110,11.24156988,1.65,1.761899244,-8,-1,0.988066481,1.35634361
111,10.73411821,1.65,1.455606248,-8,-1,0.943478109,1.28545762
112,11.59034807,1.65,-2.45851243,-8,-1,1.01869277,1.704679976
113,11.8848821,1.65,-2.171505515,-8,-1,1.044588183,1.408535058
114,11.13990771,1.65,-1.436703941,-8,-1,0.979138008,2.03733974
115,10.90278883,1.65,1.541180785,-8,-1,0.958299217,1.417206132
116,11.43064989,1.65,0.293700457,-8,-1,1.004858447,1.41647178
117,13.42119883,1.65,-2.739225479,-8,-1,1.179602847,1.551663822
118,13.21052131,1.65,1.905797071,-8,-1,1.161118454,1.487228191
119,12.05115462,1.65,2.676787388,-8,-1,1.059190202,1.396956673
120,11.16686946,1.65,2.215868602,-8,-1,0.981482752,1.382983748
121,13.04744833,1.65,1.257966265,-8,-1,1.146823672,1.524261145
122,13.0135378,1.65,1.744759893,-8,-1,1.143812661,1.371666769
123,13.14825212,1.65,1.709283024,-8,-1,1.155655023,1.635929659
124,12.36646623,1.65,2.755752005,-8,-1,1.086901657,1.450431878
125,12.38807249,1.65,-3.101951115,-8,-1,1.088797128,1.627227744
126,13.49881621,1.65,-1.565299035,-8,-1,1.186466415,1.827519345
127,11.13434157,1.65,0.691951851,-8,-1,0.97874337,1.405019047
128,11.69380343,1.65,-2.677490905,-8,-1,1.027781244,1.220278787
129,12.48868871,1.65,2.341248016,-8,-1,1.097655744,1.963730962
130,11.53989367,1.65,1.726206635,-8,-1,1.014288909,1.395375378
131,12.23748189,1.65,1.246307652,-8,-1,1.07563154,1.550489164
132,12.91496289,1.65,1.340885086,-8,-1,1.135171865,1.65253895
133,13.17549117,1.65,1.135691695,-8,-1,1.158090852,1.519044075
134,11.13864875,1.65,1.376782524,-8,-1,0.979038927,1.197230816
135,12.76349228,1.65,0.061219264,-8,-1,1.122046797,1.446983892
136,11.45163836,1.65,-1.926744657,-8,-1,1.006517891,1.818931426
137,11.81694769,1.65,1.883977259,-8,-1,1.038633387,1.323319513
138,11.98253333,1.65,2.739350916,-8,-1,1.053157702,1.392524488
139,13.43619116,1.65,2.408093566,-8,-1,1.180931066,1.455708072
140,12.53953802,1.65,3.052822027,-8,-1,1.10210967,1.555283076
141,12.82674519,1.65,2.699675743,-8,-1,1.127357243,1.449554144
142,12.35840392,1.65,2.130836474,-8,-1,1.086213049,1.45264483
143,13.38908509,1.65,1.800584241,-8,-1,1.176818234,1.493863421
144,11.02486913,1.65,2.705042004,-8,-1,0.968988201,1.394581016
145,13.41003607,1.65,3.127432621,-8,-1,1.178618241,1.733815341
146,13.97000069,1.65,-1.019678519,-8,-1,1.227928972,1.547703399
147,11.13541234,1.65,2.037113515,-8,-1,0.978724684,1.355745362
148,12.31132916,1.65,2.520219242,-8,-1,1.082061356,1.526320396
149,12.73797763,1.65,1.392711164,-8,-1,1.119611905,1.50433197
150,11.58581557,1.65,0.479152738,-8,-1,1.018469581,1.556276515
151,11.97306896,1.65,1.48690163,-8,-1,1.052374244,1.940981069
152,12.78748514,1.65,2.320821838,-8,-1,1.123918333,1.698357282
153,10.80688689,1.65,3.110413752,-8,-1,0.949825496,1.276874537
154,12.91642603,1.65,1.271861866,-8,-1,1.135306061,1.589900896
155,13.89762642,1.65,1.534671976,-8,-1,1.221530472,1.336176867
156,11.91090556,1.65,1.616914578,-8,-1,1.046903755,1.569035989
157,12.87529713,1.65,2.803717211,-8,-1,1.131622447,1.835582134
158,10.70579402,1.65,2.31406454,-8,-1,0.940954443,1.142250779
159,11.19491844,1.65,1.914415954,-8,-1,0.983959789,1.190910893
160,10.28767677,1.65,3.063380163,-8,-1,0.904191815,1.357794684
161,13.58459437,1.65,-2.429850015,-8,-1,1.193970827,1.587108543
162,10.57505474,1.65,1.096524497,-8,-1,0.929523199,1.244391836
163,9.725087907,1.65,2.253636387,-8,-1,0.854759962,1.310621178
164,12.22925332,1.65,1.255648812,-8,-1,1.074907476,1.633389527
165,9.144633715,1.65,2.469110525,-8,-1,0.803736861,1.21566664
166,14.51178287,1.65,2.607112377,-8,-1,1.27545972,1.49391821
167,11.08453507,1.65,0.924049935,-8,-1,0.974326975,1.115809926
168,11.41812209,1.65,-2.435303754,-8,-1,1.003556125,1.48617222
169,13.80089112,1.65,1.00514693,-8,-1,1.213080117,1.416506515
170,10.96208941,1.65,1.44156957,-8,-1,0.963516445,1.229089395
171,11.80868734,1.65,2.661048148,-8,-1,1.037879814,1.330990839
172,12.28747225,1.65,1.622492301,-8,-1,1.080001641,1.413171007
173,10.07714494,1.65,1.334351324,-8,-1,0.885739783,1.165161398
174,10.13798105,1.65,1.960374036,-8,-1,0.891060246,1.046306365
175,13.49538659,1.65,1.209638338,-8,-1,1.186200572,1.666846939
176,13.05519798,1.65,-0.760129214,-8,-1,1.147564115,1.62669221
177,13.82235537,1.65,2.982256891,-8,-1,1.214857923,1.76140208
178,12.35708397,1.65,2.837482837,-8,-1,1.086075655,1.863905841
179,13.09252616,1.65,2.257145231,-8,-1,1.150731578,1.423540607
180,11.42685177,1.65,-2.171735595,-8,-1,1.004330892,1.494509843
181,10.72126633,1.65,-2.918691359,-8,-1,0.942301152,1.265241517
182,12.59474296,1.65,1.450753394,-8,-1,1.1070185,1.365125526
183,11.39767786,1.65,1.165386655,-8,-1,1.001822838,1.423098639
184,12.73354644,1.65,1.050048793,-8,-1,1.119255659,1.637132035
185,11.38299519,1.65,2.072101151,-8,-1,1.000484082,1.748424628
186,13.51034982,1.65,2.160402038,-8,-1,1.187459295,1.427669686
187,12.73632243,1.65,2.914542691,-8,-1,1.119406254,1.542569992
188,13.23131979,1.65,-3.076744202,-8,-1,1.162910841,1.917283662
189,11.08196238,1.65,-2.399658516,-8,-1,0.974011392,1.181662446
190,12.20188108,1.65,0.852263163,-8,-1,1.072553277,1.36463204
191,12.54709018,1.65,1.83312341,-8,-1,1.102810545,1.261702237
192,12.5182943,1.65,0.461342133,-8,-1,1.10044406,1.503460489
193,12.81343984,1.65,1.378962627,-8,-1,1.126245649,1.602693411
194,11.48443394,1.65,-1.015201644,-8,-1,1.009454262,1.968613054
195,11.35614251,1.65,-0.199543895,-8,-1,0.998312368,1.602988218
196,12.22047731,1.65,2.412250177,-8,-1,1.074079645,1.41472564
197,15.05953671,1.65,0.709959397,-8,-1,1.323775876,1.574850357
198,13.09168854,1.65,0.053486432,-8,-1,1.150898866,1.688607679
199,12.73633734,1.65,2.171203316,-8,-1,1.119428893,1.518153504
200,10.29667128,1.65,2.597947332,-8,-1,0.904988208,1.230262938
201,13.20846954,1.65,-0.15285675,-8,-1,1.161155081,1.546382005
202,10.09692156,1.65,1.324920507,-8,-1,0.887478636,1.40429854
203,11.60331015,1.65,2.198804187,-8,-1,1.019843209,1.596023847
204,12.54950816,1.65,-2.124259564,-8,-1,1.10300532,1.607368068
205,11.65832821,1.65,1.460679005,-8,-1,1.024711503,1.291816142
206,13.07579558,1.65,2.003654004,-8,-1,1.149272323,1.443767012
207,13.35863727,1.65,2.417913562,-8,-1,1.174114356,1.360683813
208,11.27856007,1.65,-1.339704476,-8,-1,0.991330131,1.422166338
209,10.38049883,1.65,1.212385331,-8,-1,0.912411856,1.384221886
210,11.52607639,1.65,2.50618346,-8,-1,1.013044694,1.308857643
211,9.770856496,1.65,2.630315185,-8,-1,0.858772986,1.182675053
212,12.19065395,1.65,1.070237299,-8,-1,1.071533852,1.301547862
213,11.38957281,1.65,0.798306486,-8,-1,1.001159894,1.274807397
214,13.02800653,1.65,-1.818811435,-8,-1,1.145073932,1.409025684
215,9.65305812,1.65,2.318905681,-8,-1,0.84842716,1.139562909
216,13.42996761,1.65,0.229143887,-8,-1,1.180625357,1.483797844
217,13.11945572,1.65,2.600278899,-8,-1,1.153086442,1.624083462
218,11.17928797,1.65,2.122589785,-8,-1,0.982577721,1.57430974
219,12.27866698,1.65,2.767662293,-8,-1,1.079184668,1.174866164
220,11.46389342,1.65,1.014449947,-8,-1,1.007659896,1.843628108
221,13.74850686,1.65,-2.647381035,-8,-1,1.208371981,1.583425937
222,13.47358185,1.65,0.852331095,-8,-1,1.184336588,1.644580046
223,13.06497115,1.65,2.727037564,-8,-1,1.148294584,1.743772746
224,10.56056808,1.65,2.285066858,-8,-1,0.928191167,1.290333843
225,12.10448865,1.65,2.655903506,-8,-1,1.063878269,1.698783365
226,10.64993484,1.65,1.615952129,-8,-1,0.936071334,1.207184403
227,11.29664414,1.65,1.828962875,-8,-1,0.992904353,1.301322922
228,12.92111763,1.65,-1.98053049,-8,-1,1.135672543,1.740857282
229,11.0971264,1.65,2.28344738,-8,-1,0.975350493,1.288402514
230,12.51384383,1.65,2.634852252,-8,-1,1.099857513,1.543141791
231,12.49086644,1.65,2.782080894,-8,-1,1.097834834,1.435981306
232,12.81368828,1.65,0.424209967,-8,-1,1.126418361,1.887840257
233,10.76462494,1.65,2.849276403,-8,-1,0.946112793,1.321340843
234,15.76208953,1.65,2.850525018,-8,-1,1.385344533,1.532955022
235,12.81415994,1.65,-0.630864329,-8,-1,1.126403258,1.6070409
236,11.59604081,1.65,2.696046696,-8,-1,1.019189307,1.594036526
237,10.5428135,1.65,2.120212937,-8,-1,0.926636352,1.215421419
238,11.69260054,1.65,0.84760969,-8,-1,1.027787966,1.319741431
239,13.0202848,1.65,-2.510339335,-8,-1,1.144370696,1.570232175
240,13.59883097,1.65,2.742979954,-8,-1,1.195215756,1.49235925
241,10.78780437,1.65,-3.013307741,-8,-1,0.948148634,1.703913301
242,12.98385159,1.65,1.924436506,-8,-1,1.141194786,1.522784219
243,14.47964267,1.65,1.023927784,-8,-1,1.272738431,1.450189608
244,11.99729764,1.65,3.071155432,-8,-1,1.054451682,1.578699672
245,12.32174395,1.65,2.080425273,-8,-1,1.082993045,1.614843642
246,11.57398764,1.65,2.720897237,-8,-1,1.017250533,1.473721665
247,11.76958153,1.65,1.340717624,-8,-1,1.034497588,1.502218576
248,10.86885932,1.65,-2.933369743,-8,-1,0.955273112,1.16924382
249,11.78696114,1.65,-1.35805712,-8,-1,1.036014956,1.457452611
250,12.12524595,1.65,2.059051757,-8,-1,1.065723183,2.028658492
251,10.74387864,1.65,1.843482841,-8,-1,0.944319147,1.467879828
252,11.97792358,1.65,1.290055589,-8,-1,1.052813731,1.489145928
253,12.7193727,1.65,2.327541848,-8,-1,1.117931536,1.456806173
254,13.54040579,1.65,2.875914567,-8,-1,1.19007833,1.767702341
255,10.71816629,1.65,2.632657738,-8,-1,0.942033197,1.339200906
256,13.00396998,1.65,1.460670972,-8,-1,1.142987004,1.419267636
257,10.98541322,1.65,1.927089597,-8,-1,0.96554515,1.104337746
258,12.4237086,1.65,0.017619265,-8,-1,1.092176409,1.460876571
259,12.29225865,1.65,0.278639449,-8,-1,1.08060373,1.423518035
260,11.34789456,1.65,2.158793107,-8,-1,0.997395617,1.60342426
261,12.02528356,1.65,0.179494183,-8,-1,1.057144538,1.663068647
262,13.20752773,1.65,-0.378557916,-8,-1,1.161036246,1.740354632
263,13.37611815,1.65,1.833271825,-8,-1,1.175676897,1.489694449
264,12.7053737,1.65,1.700774987,-8,-1,1.116728996,1.568395376
265,11.59202143,1.65,2.831854596,-8,-1,1.018833673,1.598006858
266,11.99409358,1.65,2.802664173,-8,-1,1.054172624,1.439658323
267,10.39964332,1.65,2.268147358,-8,-1,0.914047688,1.156316403
268,11.44188559,1.65,-1.036664335,-8,-1,1.005711814,1.789097046
269,12.67590444,1.65,2.392712129,-8,-1,1.114108637,1.448585989
270,9.793452766,1.65,-3.112780968,-8,-1,0.860754009,1.269851448
271,11.28082753,1.65,1.26236385,-8,-1,0.991543731,1.388553426
272,12.09637405,1.65,2.016244918,-8,-1,1.063187378,1.495769366
273,12.13657432,1.65,2.518084856,-8,-1,1.066701951,1.45523589
274,10.06579033,1.65,2.515377995,-8,-1,0.884697667,1.190547423
275,10.86919103,1.65,2.153017675,-8,-1,0.955321344,1.284811502
276,12.95933914,1.65,-0.889667692,-8,-1,1.139114156,1.715343192
277,11.37717706,1.65,1.788707268,-8,-1,0.999984396,1.458588542
278,11.51564356,1.65,2.843902438,-8,-1,1.012120584,1.552014279
279,12.20221137,1.65,0.269817691,-8,-1,1.07268886,1.591419094
280,13.15105963,1.65,2.466057102,-8,-1,1.155868312,1.547272814
281,12.55201914,1.65,0.60464251,-8,-1,1.103379703,1.663166622
282,11.36281257,1.65,1.615209581,-8,-1,0.998729443,1.2517531
283,10.80791827,1.65,2.550058097,-8,-1,0.949923538,1.233707219
284,12.18357847,1.65,1.620884862,-8,-1,1.070870024,1.380977213
285,13.05025469,1.65,2.173807932,-8,-1,1.147019769,1.534237327
286,12.85587447,1.65,1.637697089,-8,-1,1.129960308,1.383412942
287,12.28579047,1.65,0.116733893,-8,-1,1.080049881,1.567955271
288,12.12589232,1.65,1.397400808,-8,-1,1.065812012,1.614975875
289,12.38867458,1.65,0.50007771,-8,-1,1.0890421,1.531162991
290,12.9470048,1.65,1.395933906,-8,-1,1.137984248,1.486156904
291,11.67595668,1.65,0.9881318,-8,-1,1.026303484,1.472622162
292,10.60646539,1.65,-3.091801439,-8,-1,0.932210341,1.364628185
293,13.66683191,1.65,2.635960249,-8,-1,1.201195058,1.685885572
294,12.38413342,1.65,0.396424936,-8,-1,1.088662239,1.456251886
295,13.70747434,1.65,0.95533535,-8,-1,1.20487703,1.382797779
296,10.7519884,1.65,1.626305968,-8,-1,0.94504084,1.315293628
297,12.94192276,1.65,2.613587309,-8,-1,1.137482471,1.558337293
298,10.97470662,1.65,-3.053171293,-8,-1,0.964575453,1.185932877
299,12.51232784,1.65,1.607836513,-8,-1,1.099765957,1.590594525
300,10.83819333,1.65,1.274688312,-8,-1,0.95263689,1.436068424
301,13.91797969,1.65,-0.177575694,-8,-1,1.223525038,1.830213208
302,11.50052354,1.65,1.73980404,-8,-1,1.010827912,1.409345864
303,12.1174379,1.65,-2.628369577,-8,-1,1.065015811,1.418494512
304,12.62435583,1.65,2.773731399,-8,-1,1.109567503,1.647113023
305,12.18016874,1.65,2.745935299,-8,-1,1.070527962,1.361310601
306,9.796110055,1.65,-3.070502695,-8,-1,0.860987639,1.059526855
307,12.62172622,1.65,1.324984964,-8,-1,1.109398767,1.318338779
308,11.50976679,1.65,0.542123672,-8,-1,1.011772808,1.490059082
309,10.92952851,1.65,1.896992263,-8,-1,0.960634451,1.459468805
310,9.345282752,1.65,2.07932637,-8,-1,0.821383459,1.190602855
311,11.6829563,1.65,2.28937982,-8,-1,1.02684014,1.259253306
312,13.79660303,1.65,1.545887887,-8,-1,1.212650364,1.691342329
313,11.38843206,1.65,-2.694140196,-8,-1,1.00094156,1.536591595
314,12.0060962,1.65,2.841557951,-8,-1,1.055226954,1.57845827
315,13.74651815,1.65,-1.312266791,-8,-1,1.208253625,1.707582093
316,12.92042201,1.65,0.385276518,-8,-1,1.135808206,1.759137312
317,12.27070412,1.65,0.534744524,-8,-1,1.078664923,1.540374265
318,12.3768542,1.65,1.156901905,-8,-1,1.087890486,1.156289124
319,12.32591968,1.65,1.297761784,-8,-1,1.083400648,1.517151397
320,10.30109457,1.65,2.218732015,-8,-1,0.90538764,1.265203906
321,11.44388028,1.65,2.142710387,-8,-1,1.005832669,1.379506215
322,10.86071315,1.65,2.391103875,-8,-1,0.954568173,1.317145532
323,11.41891709,1.65,-2.299625,-8,-1,1.003629584,1.54275655
324,12.39095134,1.65,1.037810528,-8,-1,1.089143785,1.345760624
325,14.1790584,1.65,2.988178015,-8,-1,1.246208789,1.474710295
326,11.89861005,1.65,3.093941092,-8,-1,1.0457779,1.295681337
327,12.32670213,1.65,0.602393314,-8,-1,1.083573769,1.637583045
328,12.03091263,1.65,1.639764484,-8,-1,1.057450624,1.317693093
329,12.78575862,1.65,-1.682410827,-8,-1,1.12378764,1.655912573
330,13.14058187,1.65,2.07313429,-8,-1,1.154963367,1.769771075
331,13.68234411,1.65,2.305723299,-8,-1,1.202569949,1.752689726
332,10.75958068,1.65,-3.052409479,-8,-1,0.945667869,1.383400652
333,11.41490436,1.65,2.558535992,-8,-1,1.003272201,1.28772564
334,11.51853787,1.65,1.918465846,-8,-1,1.01240364,1.564143567
335,11.33439348,1.65,2.645740565,-8,-1,0.99619389,1.683849104
336,13.34331339,1.65,-2.206097084,-8,-1,1.172771598,1.500550104
337,11.00732405,1.65,2.207916672,-8,-1,0.967460211,1.204597201
338,13.59437822,1.65,-1.503190425,-8,-1,1.194868979,1.551370027
339,13.52894469,1.65,0.896972664,-8,-1,1.189194627,1.677905851
340,14.27561614,1.65,-1.30704507,-8,-1,1.25475925,1.664077881
341,14.21089377,1.65,0.253602355,-8,-1,1.24927319,1.480319208
342,12.70224871,1.65,1.930210932,-8,-1,1.116443487,1.616698306
343,10.9683653,1.65,2.313061769,-8,-1,0.96403241,1.274009719
344,12.27945172,1.65,1.054074828,-8,-1,1.079341038,1.584147645
345,13.56521804,1.65,2.493191593,-8,-1,1.192268444,1.93381209
346,11.68334693,1.65,-1.464180087,-8,-1,1.026902004,1.579448713
347,14.01058408,1.65,2.042750648,-8,-1,1.231431846,1.719657295
348,10.758779,1.65,1.930887287,-8,-1,0.945625352,1.161888433
349,13.06244605,1.65,-0.57206925,-8,-1,1.148241249,1.476829357
350,12.49903657,1.65,2.507475689,-8,-1,1.09855963,1.66798776
351,13.5273454,1.65,1.097600981,-8,-1,1.189022677,1.59731835
352,11.16199415,1.65,2.199648112,-8,-1,0.98105484,1.231245045
353,12.17370526,1.65,0.923779111,-8,-1,1.070064718,1.579460845
354,10.75183728,1.65,1.134388012,-8,-1,0.945058206,1.376962206
355,11.7546,1.65,1.990176114,-8,-1,1.033148903,1.696157203
356,12.15737285,1.65,2.601313725,-8,-1,1.06852767,1.38285172
357,12.19849227,1.65,2.773008281,-8,-1,1.072137934,1.436855596
358,9.681453984,1.65,1.273908824,-8,-1,0.850963854,1.1825703
359,12.26124139,1.65,-0.501476642,-8,-1,1.077826712,1.745870314
360,12.12346074,1.65,-3.076351867,-8,-1,1.065540261,1.402405737
361,10.70008682,1.65,2.430060537,-8,-1,0.940449284,1.264533288
362,11.39001291,1.65,1.101026365,-8,-1,1.001155673,1.218281492
363,11.06245113,1.65,2.289142291,-8,-1,0.972302615,1.314125015
364,13.32470067,1.65,-2.193222551,-8,-1,1.171136162,1.658578769
365,13.925586,1.65,-0.257927296,-8,-1,1.22418176,1.532989362
366,13.37250305,1.65,0.789206337,-8,-1,1.175464174,1.869567626
367,11.98439926,1.65,1.435040455,-8,-1,1.053373091,1.276910416
368,13.40738282,1.65,3.056485877,-8,-1,1.178385203,1.973403974
369,10.08453068,1.65,2.256972602,-8,-1,0.886352094,1.073757997
370,10.74450421,1.65,-2.967198765,-8,-1,0.944343206,1.510762867
371,10.52660338,1.65,2.928630281,-8,-1,0.925192034,1.279887411
372,12.08537615,1.65,-2.566890847,-8,-1,1.062199067,1.673440167
373,11.22594007,1.65,1.354625243,-8,-1,0.986712847,1.259184547
374,11.89070392,1.65,1.379586991,-8,-1,1.045141134,1.595904054
375,12.9049828,1.65,-2.257838515,-8,-1,1.134244013,1.670780951
376,12.20301616,1.65,3.069473943,-8,-1,1.072532446,1.774890519
377,11.17967582,1.65,-0.212403037,-8,-1,0.982797799,1.480922154
378,10.80916953,1.65,2.216254502,-8,-1,0.95004364,1.305404984
379,10.75260301,1.65,1.266691666,-8,-1,0.945114398,1.308841963
380,10.42287424,1.65,2.348479569,-8,-1,0.916086972,1.343883523
381,10.35149294,1.65,2.622421794,-8,-1,0.909806027,1.186989857
382,13.01801125,1.65,2.497111283,-8,-1,1.144173448,1.606471697
383,14.97012805,1.65,1.968761298,-8,-1,1.315772965,1.513536219
384,11.88742238,1.65,0.064917588,-8,-1,1.045030864,1.404329731
385,14.6877124,1.65,0.293682551,-8,-1,1.29118397,1.493390477
386,11.42538589,1.65,2.113145727,-8,-1,1.004208299,1.693545806
387,13.05947915,1.65,-2.2049867,-8,-1,1.147824856,1.659892255
388,11.14830381,1.65,-0.465043998,-8,-1,0.98000045,1.359619015
389,11.53641044,1.65,-2.871788524,-8,-1,1.013945286,1.267037485
390,12.74029627,1.65,-2.948816229,-8,-1,1.119755135,1.818400859
391,11.03101796,1.65,2.143581569,-8,-1,0.969545083,1.728890357
392,11.01095758,1.65,2.476110259,-8,-1,0.967770931,1.183829997
393,12.21326869,1.65,-2.025995619,-8,-1,1.073456046,1.838909636
394,14.49915296,1.65,2.918282276,-8,-1,1.274342887,1.613717201
395,10.81846315,1.65,1.486894718,-8,-1,0.950890036,1.119226137
396,12.468438,1.65,0.752924938,-8,-1,1.096002433,1.831975588
397,10.79803058,1.65,2.316092486,-8,-1,0.949061239,1.101071064
398,13.06318916,1.65,2.361589531,-8,-1,1.148148961,1.617367646
399,13.18455644,1.65,0.065062156,-8,-1,1.159062741,1.70364436
400,12.1445716,1.65,2.90745803,-8,-1,1.067396846,1.727529493
401,13.1630838,1.65,2.209961216,-8,-1,1.156935038,1.732137651
402,12.31389828,1.65,-1.933689847,-8,-1,1.082304162,1.682438212
403,12.3650588,1.65,1.859825192,-8,-1,1.08680991,1.572193936
404,11.32108693,1.65,2.253417772,-8,-1,0.995035932,1.448249029
405,11.69627072,1.65,-1.59132636,-8,-1,1.028032184,1.520196109
406,12.28250106,1.65,-1.543269918,-8,-1,1.079560487,1.485182705
407,12.5139648,1.65,1.198955822,-8,-1,1.099937823,1.834454676
408,12.96963251,1.65,0.495061493,-8,-1,1.140112973,1.681395415
409,11.73383189,1.65,0.618497198,-8,-1,1.031454622,1.46066978
410,11.84626863,1.65,2.08630056,-8,-1,1.041201928,1.293650646
411,12.47805527,1.65,2.472189109,-8,-1,1.096716652,1.71857701
412,12.81868505,1.65,-0.378648464,-8,-1,1.126854172,1.738324173
413,11.7319517,1.65,-0.332137963,-8,-1,1.03133053,1.568480504
414,13.36152429,1.65,-0.779237867,-8,-1,1.174486617,1.625253417
415,11.56711739,1.65,2.397662694,-8,-1,1.016655137,1.748514645
416,9.909750962,1.65,1.545253777,-8,-1,0.871016108,1.122335379
417,9.868156134,1.65,2.467336027,-8,-1,0.867328478,1.290558552
418,12.61554061,1.65,1.933263864,-8,-1,1.10882228,1.672151327
419,13.7055597,1.65,0.041719659,-8,-1,1.204864805,1.3812875
420,13.95706576,1.65,2.684896571,-8,-1,1.226702773,1.528483174
421,9.332457126,1.65,2.19054016,-8,-1,0.820252656,1.048340656
422,11.73814154,1.65,0.939216771,-8,-1,1.031776481,1.307953988
423,13.26345546,1.65,-1.309056709,-8,-1,1.165794952,1.823362063
424,11.83292595,1.65,2.44898654,-8,-1,1.040015895,1.490486492
425,12.27983827,1.65,-2.77678721,-8,-1,1.079286965,1.44372874
426,12.3431237,1.65,-1.490359199,-8,-1,1.084891418,1.66848853
427,13.1841447,1.65,1.168855029,-8,-1,1.158847711,1.553097684
428,12.06609763,1.65,1.203246196,-8,-1,1.060571317,1.42639938
429,12.37490719,1.65,2.014532317,-8,-1,1.087668584,1.465251884
430,11.2716642,1.65,2.81786109,-8,-1,0.990677372,1.208396043
431,12.5399865,1.65,1.834208956,-8,-1,1.102186125,1.550518901
432,10.54262419,1.65,1.896582238,-8,-1,0.926628095,1.190682639
433,13.03372227,1.65,0.601830131,-8,-1,1.14572421,1.356674306
434,13.47360462,1.65,-0.808438788,-8,-1,1.184332741,1.643989144
435,12.05676334,1.65,1.797011221,-8,-1,1.059715506,1.483419388
436,10.27355585,1.65,1.171767709,-8,-1,0.903015227,1.243992887
437,12.07383489,1.65,2.994295256,-8,-1,1.061178969,2.015414186
438,11.50005609,1.65,-2.788026637,-8,-1,1.010751007,1.322639737
439,12.63935978,1.65,2.21916245,-8,-1,1.110903298,1.420282949
440,11.45270046,1.65,1.507493036,-8,-1,1.006635325,1.306667001
441,14.96152607,1.65,2.755340978,-8,-1,1.314984191,1.750833509
442,12.92775368,1.65,3.009178171,-8,-1,1.136230471,1.576433184
443,12.64085422,1.65,-2.627305517,-8,-1,1.111019505,1.576163458
444,12.86630503,1.65,-0.479498942,-8,-1,1.131019642,1.568153549
445,13.45246177,1.65,2.657862571,-8,-1,1.18235322,1.456501533
446,10.87171557,1.65,-0.922791451,-8,-1,0.955609348,1.440573233
447,11.07126811,1.65,1.906652556,-8,-1,0.97309205,1.548984099
448,13.27034575,1.65,1.249424694,-8,-1,1.166416342,1.888038087
449,11.63196023,1.65,-1.764545396,-8,-1,1.022372899,1.331642307
450,10.67435849,1.65,2.440884684,-8,-1,0.938187667,1.329549254
451,13.16920352,1.65,2.12615716,-8,-1,1.157476597,1.708876365
452,10.39844747,1.65,2.19314985,-8,-1,0.913945085,1.122306679
453,13.6255325,1.65,1.088342831,-8,-1,1.197654321,1.592331496
454,14.34709859,1.65,-2.330284872,-8,-1,1.260991745,1.550752946
455,12.40620786,1.65,1.932603719,-8,-1,1.09042335,1.888206975
456,13.53287071,1.65,-3.072471585,-8,-1,1.189414398,1.447494013
457,12.06016764,1.65,0.609692363,-8,-1,1.060142705,1.571457238
458,11.51703001,1.65,-1.304652053,-8,-1,1.012292713,1.303348679
459,13.42080442,1.65,1.376685968,-8,-1,1.179630523,2.034839774
460,11.68000049,1.65,0.184486702,-8,-1,1.026790252,1.423528075
461,11.48054478,1.65,1.695632564,-8,-1,1.009073832,1.375066533
462,9.955988679,1.65,2.062045057,-8,-1,0.875060739,1.090599841
463,12.7693746,1.65,1.033629129,-8,-1,1.12240713,1.852857589
464,12.46557156,1.65,1.619511504,-8,-1,1.095655746,1.423631312
465,10.53753196,1.65,1.832336086,-8,-1,0.92618301,1.353190409
466,13.23644602,1.65,-1.241817498,-8,-1,1.163426424,1.635511087
467,11.29501912,1.65,2.297980746,-8,-1,0.992743209,1.494982334
468,12.92099869,1.65,1.460075444,-8,-1,1.13569426,1.658375896
469,14.21249351,1.65,1.395293279,-8,-1,1.249215135,1.490130234
470,12.09593535,1.65,-0.093255996,-8,-1,1.063357362,1.376593821
471,11.71300745,1.65,2.130337485,-8,-1,1.029487453,1.290413192
472,11.66096226,1.65,1.492016076,-8,-1,1.024941316,1.390281317
473,13.17766458,1.65,1.524439337,-8,-1,1.158250088,1.493285759
474,11.57703085,1.65,2.047874896,-8,-1,1.017539417,1.287525858
475,11.18156807,1.65,2.134359652,-8,-1,0.982777677,1.417797416
476,12.79327413,1.65,0.402785505,-8,-1,1.124627759,2.105122906
477,12.28852748,1.65,0.13814945,-8,-1,1.08028932,1.428819965
478,9.984999419,1.65,1.870716823,-8,-1,0.87761745,1.160455181
479,13.50819782,1.65,0.401579785,-8,-1,1.187475313,1.638754469
480,12.3335793,1.65,0.82107488,-8,-1,1.084135228,1.342486232
481,12.4690756,1.65,-2.832421806,-8,-1,1.095918497,1.613251245
482,14.62622217,1.65,-1.392053624,-8,-1,1.285569328,1.634233155
483,10.47298262,1.65,2.52954683,-8,-1,0.920486063,1.395306223
484,11.18760358,1.65,3.027861003,-8,-1,0.983287211,1.307978803
485,13.97967952,1.65,2.918804615,-8,-1,1.228685918,1.546079696
486,10.42473888,1.65,2.261541638,-8,-1,0.916253608,1.241638727
487,11.09768895,1.65,2.497692714,-8,-1,0.97539329,1.495996556
488,11.75096091,1.65,2.497342541,-8,-1,1.032810398,1.231902846
489,12.0241376,1.65,2.219346634,-8,-1,1.056829956,1.229059259
490,11.84335329,1.65,-0.230312897,-8,-1,1.041138944,1.70842605
491,12.3910934,1.65,-3.097524197,-8,-1,1.089062647,1.455935623
492,13.45017372,1.65,3.11187436,-8,-1,1.182145982,1.54383009
493,12.75672606,1.65,0.482932137,-8,-1,1.121399581,1.517433205
494,13.62387075,1.65,1.009469865,-8,-1,1.197519591,1.699544817
495,14.02723257,1.65,-0.032313099,-8,-1,1.233142002,1.560922755
496,12.91764312,1.65,-2.632983629,-8,-1,1.135346694,1.667719478
497,12.12300467,1.65,-0.179540415,-8,-1,1.065729151,1.484069493
498,14.1402291,1.65,-1.711604353,-8,-1,1.242835695,1.532362503
499,13.96875202,1.65,-0.566842193,-8,-1,1.227910399,1.816439324
500,13.1163037,1.65,2.524272379,-8,-1,1.152811659,1.643528643
501,14.01820095,1.65,0.504445995,-8,-1,1.232286702,1.566352821
502,12.37623455,1.65,2.730814355,-8,-1,1.087760695,1.472207271
503,11.4308865,1.65,1.816374724,-8,-1,1.004703951,1.441426008
504,10.84243584,1.65,1.853311259,-8,-1,0.952981311,1.270933186
505,12.42553858,1.65,2.506203774,-8,-1,1.092099816,1.570857863
506,10.96316294,1.65,2.688147497,-8,-1,0.963565101,1.303154005
507,13.46854597,1.65,2.532313823,-8,-1,1.183770505,1.513551254
508,12.56890905,1.65,-1.648318852,-8,-1,1.104729373,1.671708011
509,12.65225742,1.65,-0.745362239,-8,-1,1.112148139,1.613299825
510,13.32886154,1.65,2.082310816,-8,-1,1.171511381,1.494139421
511,10.42057413,1.65,2.439754763,-8,-1,0.915882157,1.227797671
