,scale,x_A,x_B,y_A,y_B,sigma_x_A,sigma_x_B,sigma_y_A,sigma_y_B
0,0.9933333333333333,-28.097146802086826,80.27156602714396,70.09931248491297,63.164081640138,25.125921746433047,16.123420409949166,11.677317619417856,20.759987755984817
1,0.7466666666666667,35.8265978758031,74.81497693059497,65.47795486783032,63.403080683573215,18.183688946081638,18.76295042093528,12.673491168405482,21.91881476609578
2,0.72,38.082828929571626,74.4071910638277,65.52947027259583,63.356385340694,17.989204342909243,19.12099740530344,12.857324754921152,22.199506818919204
3,0.98,-23.461935840999807,78.7436260279177,69.59072693379275,62.99883238838615,24.751485199470853,20.924463814682404,11.670363614438712,16.661966758769672
4,0.6666666666666666,42.93351407540779,74.04006412155967,65.02084559812876,63.44680308701558,17.65054343545569,19.365586729113126,13.391291139489024,22.306407213891216
5,0.09333333333333334,55.610186630797116,70.6643099391275,63.93388604633031,62.83341431027507,20.85191056565517,24.814601936696107,19.17690141376464,23.28996415875795
6,0.9933333333333333,-28.099152509822623,79.22128472741059,70.3896835604131,62.945779514789244,25.126032532583707,20.87254066982047,11.677306498381727,16.481177611167105
7,0.9,3.827524503111401,77.8360436464546,68.29398705702654,63.22910367819535,21.861341317950757,17.053020574467638,11.78301744818593,21.077578695382865
8,0.6933333333333334,41.27240292810371,74.00007621965385,65.15662167053198,63.338000399098235,17.775839374122302,19.477877219823597,13.19345575880666,22.451251154696305
9,0.4533333333333333,50.94735985084779,72.03854390683966,64.30448450704894,63.51303801454688,18.12508843196898,21.57883046521146,15.449655973516608,23.939727065428837
10,0.62,45.174873492170725,73.43161557477706,64.85345041171327,63.4186314527114,17.54367038549978,19.974889420902468,13.738915634711447,22.759123465510754
11,0.6533333333333333,43.593397806587866,73.8436124711871,64.98173570457861,63.457977002985174,17.594463794344573,19.52123450115988,13.47866448336173,22.401059687328345
12,0.6,45.86052758940332,73.60547258690089,64.79891238002773,63.47765931597555,17.569961960221985,19.727175378559146,13.882979821988187,22.51735006939946
13,0.5333333333333333,48.6855779003562,73.12312604859683,64.59895015075239,63.42071752776776,17.745487244955285,22.77518298700196,14.599253073362267,20.17356953149751
14,0.34,55.663646735667065,64.66154409995491,63.64429050344868,63.60866613932207,20.828913847634322,19.173907213115488,19.22712378461359,16.379578847585865
15,1.0,-38.84076855790084,80.66430898288516,72.28331334596973,63.08577685078603,25.973889290307955,20.74352064470412,11.702512070391519,16.02334920668991
16,0.5666666666666667,46.88114208462325,73.2205735579303,64.75586968078045,63.56965829925282,17.650673663487584,20.12453178485337,14.127674002744113,22.79806749209704
17,0.7533333333333333,35.07523223325222,74.47026590309983,65.68372148529454,63.317488199289656,18.26753695835836,19.108791331298484,12.623202888204299,22.230643488293104
18,0.9,3.826712168687214,77.83986643785688,68.28917589167371,63.18550025592441,21.86149393610734,21.07970824963815,11.782993551400544,17.05189306132935
19,0.5733333333333334,46.780477768064614,73.26713125455463,64.81535855265842,63.514043037060084,17.610665057692326,20.114361570532036,14.089501848680813,22.82220745452306
20,0.7733333333333333,32.82135774284078,74.83324232895468,65.87726051718707,63.30791141089601,18.523279360470497,18.803051793734173,12.495998646238029,22.04891847939494
21,0.9,3.818918579103448,77.03115863848969,68.23703815049053,63.29598986222184,21.862976068871596,17.424366688336786,11.782761514249117,21.2312755362093
22,0.9533333333333334,-16.789144233581716,78.69580868426138,69.96033309779136,63.179926089187326,23.994102715541292,16.683283048011013,11.678209838144117,20.92372069319167
23,0.56,47.97633691107353,73.07513882698689,64.60670427265963,63.48449502193567,17.662820938865732,20.24603666927764,14.38973608544841,22.884095245611178
24,0.8133333333333334,22.798128064486512,75.62459969534477,67.08053328575257,63.25444788956868,19.79027187379233,18.267925003006706,12.111832166511006,21.728387440248067
25,0.7866666666666666,31.170824567281784,75.0336632648285,66.31355243935786,63.28493187878172,18.71757062081121,18.65986320005837,12.415523850823137,21.960241580061354
26,0.0,58.415287378437384,65.71791524958344,63.475938163743066,62.99767794708709,25.19068269432337,18.54367792634391,26.13413233049217,17.28376538836472
27,0.44666666666666666,51.03743243602048,71.95735523702827,64.31976952453213,63.49693249640284,18.174964162662686,21.65616991712902,15.501175971203503,23.994871634008156
28,0.64,44.258308379506296,74.15852884460125,65.01094154115118,63.49141814662054,17.595743960564594,19.20139238539439,13.589825421639645,22.107851999258827
29,0.7133333333333334,38.862939792919086,74.24256961704222,65.48514254634777,63.372142889798624,17.877025837297637,19.246909723529257,12.913889349246443,22.288468904864754
30,0.006666666666666667,58.346500736888395,65.71792522513742,63.50893010551627,62.9577890053249,25.04213292323031,18.534095811316813,26.01567261241836,17.28487583791898
31,0.8666666666666667,12.404523628601643,76.22463563540002,67.99652933277807,63.22217310843355,20.953618804711812,17.89252984985029,11.893085911442665,21.528523301672525
32,0.8933333333333333,4.571853145545349,77.670541107503,68.24141583404365,63.308913177361525,21.812875487044934,17.141403053501314,11.794817236791243,21.122545445857703
33,0.8533333333333334,14.721395133479101,75.78834563333382,67.44338837745357,63.20617225382213,20.705171294672134,18.130914959371253,11.926773868791583,21.627045871436994
34,0.5133333333333333,48.97850597673589,72.56175978998183,64.54352649562246,63.53020465101357,17.852040229078348,20.86255840410878,14.729203133090477,23.363879112952425
35,0.6666666666666666,42.93362539817919,74.02989085312609,65.01425089109009,63.48455852958949,17.650554534160914,19.371470465032584,13.391286292580922,22.29742486750308
36,0.006666666666666667,58.347415137998865,65.71812475656539,63.519602856619976,62.956822049576566,26.014009428115614,18.534264397654574,25.043616566165813,17.284739097823625
37,0.013333333333333334,58.31829098574776,65.13075042593208,63.518000104755565,63.18016781525878,25.91344412602354,19.16801517528718,24.940687114684586,17.67369927104889
38,0.013333333333333334,58.317524815439896,65.13102393303696,63.50409546754312,63.17837533767446,24.939527615866936,19.168302821616944,25.91474484497436,17.67347379952528
39,0.94,-9.664479607788577,78.21385478417926,69.26891318357386,63.20773009133746,23.252465860504934,16.868622964008818,11.701559628358744,20.979979812148525
40,0.02,58.2934893275533,65.07055282394532,63.52252145205728,63.20406748891995,25.910441432573094,19.08178249409121,24.917241859221956,17.626684636012776
41,0.94,-3.636220653686966,77.29052778151087,68.42831457049132,62.930851411040116,22.69200700253297,21.077251076753615,11.737696463838619,17.219851180762255
42,0.02666666666666667,56.24570269648674,70.51892551032105,63.940394539777195,62.63092687538604,21.63270322474089,24.647375483739328,20.11786880884916,23.357166565571568
43,0.09333333333333334,55.60527486542588,70.85678299635553,63.96082998777497,62.56029732935543,20.857067324483967,24.10571171171555,19.172892956095566,22.710643754013176
44,0.6666666666666666,42.93359424336682,74.04287042016391,65.01570151566327,63.4228117332357,17.650554583815108,19.363985600231853,13.391286270896709,22.30885485946872
45,0.05333333333333334,57.78922972635621,65.52981220688544,63.53780877127744,63.12470030489126,24.678502089118492,19.316433883407164,23.5299897602023,17.83073618066608
46,0.10666666666666667,55.49780474180115,70.92711635213136,64.0032207423161,62.59555489549486,20.74457074440893,23.98370498018249,19.036770007117322,22.548290457509232
47,0.02666666666666667,58.28858408084274,65.06336096253732,63.513567688642176,63.22634570804158,24.85473017912659,19.02555174146518,25.834566073901268,17.559223699604818
48,0.006666666666666667,58.34737790866981,65.71815372825397,63.51944447584347,62.95666531835555,26.014082579310696,18.53428063302596,25.04355130014156,17.284725929709666
49,0.8733333333333333,9.466861545220418,76.38503331314709,67.86776064703267,63.16269721957481,21.327303110783784,17.802328861736118,11.84950926627195,21.465408987859803
50,0.21333333333333335,54.44118108351237,71.34630213950808,64.07114780190983,62.693895717670266,19.682833425814792,23.546618419581137,17.762522297879798,21.949312282868537
51,0.42,51.466967374222946,71.75821168603841,64.25430727635951,63.527036581408645,18.308813215244875,22.008726036561324,15.719347103203381,24.295813665724793
52,0.7333333333333333,37.13546855212646,74.62432263228283,65.6802206208065,63.32161278429445,18.054580289441436,18.91446074170947,12.774863842441132,22.03797467436971
53,0.7133333333333334,38.86255059810095,74.24333815929893,65.44306546624212,63.36410923862086,17.87745787191512,19.246503601170563,12.913726502169178,22.28909963961682
54,0.5866666666666667,46.29675004145829,73.45576256165907,64.71290790576502,63.537504175751835,17.581990253926612,19.885147508217628,13.981081346439325,22.60862133279305
55,0.4866666666666667,49.70237541753326,72.30381723674154,64.4405592552743,63.49556962337458,17.91086483120976,23.634232072873846,14.94753183550793,21.196909997501262
56,0.9933333333333333,-28.096190811634298,80.28564852142439,70.0880906540138,62.97769935336639,25.125803471088084,20.766504234537024,11.677329492438599,16.120369878460192
57,0.7933333333333333,30.350919639338066,75.19990843615966,66.05219512843553,63.28433960425072,18.83476539582649,18.554101280305996,12.372725272419329,21.891643037870903
58,0.6333333333333333,44.50370831386618,74.11429306660801,64.92970935476119,63.501712909052884,17.583565478632476,19.24448541062986,13.630663959253292,22.135408648469976
59,0.7133333333333334,38.86615856630976,74.78319570014817,65.38529646776571,63.44776057067983,17.876727331149258,18.68424357766639,12.914001875850866,21.794808711915937
60,0.05333333333333334,57.29850204534805,66.4046963541732,63.60489323697911,63.06385317949961,23.492786859064463,19.952438251405457,22.238899292144655,18.48147027112586
61,0.006666666666666667,58.34645654063489,65.71813525923768,63.51269743993052,62.95676581296067,26.01583739342496,18.534270576196406,25.04198596024171,17.284734086551502
62,0.5133333333333333,49.014587702183235,72.56233914663753,64.71114115864033,63.522431517380674,17.83160030260662,20.862115748556946,14.740716673153766,23.364500882186668
63,0.8666666666666667,12.270159208660399,76.22268333567294,67.14580766938252,63.231500841492135,20.98242361626918,17.89330050593965,11.887833134239543,21.527181094937472
64,0.6733333333333333,42.36753743598071,74.10351624862595,65.01137445392874,63.42240799488347,17.718023965359805,19.29971246517861,13.328691610481675,22.257903949968675
65,0.9266666666666666,-5.371337118642035,77.87095345060824,68.50075483989045,63.17134606556944,22.844242589580237,17.031952187872257,11.711567555209914,21.064219347185933
66,0.6866666666666666,40.57947690581972,74.31188925179575,65.3856083087592,63.37849193369741,17.741602500992265,22.09421914580686,13.085108217413842,19.09277832697995
67,0.24666666666666667,54.042336531774446,71.60808996915765,64.0636713958852,62.75351028720597,19.51110643845085,23.276966060932708,17.466358302170615,21.592241139521345
68,0.02,58.296646828338034,65.07096067351293,63.539594651018405,63.208568247272105,25.904326007158684,19.0860287318749,24.92268435609107,17.623339676933302
69,0.6466666666666666,44.01752593192369,73.7597729777926,64.84686436068424,63.49180070194536,17.607626476766708,19.60033599972381,13.551032702500278,22.43651511293319
70,0.15333333333333332,57.34875585649889,64.7348166584914,63.54983072070438,63.32091771854587,23.6106456115241,19.045384730562656,22.366938763595115,17.213007168356135
71,0.7066666666666667,39.033604267129796,74.70130993442062,65.48527165882031,63.42049283871418,17.90479893117486,18.748112422702008,12.935465760005789,21.840065805798183
72,0.35333333333333333,55.53794303869799,64.42798287274937,63.664824857894175,63.731539224871895,20.724760891678088,18.99993136655568,19.087959161257583,15.976961869155213
73,0.7666666666666667,33.454227185224056,74.63962699265848,65.51064500121402,63.335021985386526,18.492602721491963,18.925295030470714,12.53893136922704,22.09227270527786
74,0.76,31.531989182325223,74.99799603323973,66.29008667703518,63.27783706517573,18.69419852596917,21.764969037552998,12.429994314428985,18.559299360075087
75,0.09333333333333334,55.60524877217438,70.66312946206125,63.972060335598165,62.847083278196415,20.857014708194562,24.813599191075077,19.17293382814949,23.290793292924995
76,0.8066666666666666,24.1511105843308,75.45944394995726,66.12967595565648,63.204524736400536,19.61915106206888,21.76558538587422,12.147515712785225,18.35628619859152
77,0.5066666666666667,48.73131523395402,73.49218324888544,64.71047853148357,63.1371377082784,17.693752251444113,22.18138303358076,14.58486882099372,19.72611870887549
78,0.64,44.26325807982421,73.59298623320217,64.81734923768849,63.43519962380752,17.59538828228743,19.729526658979022,13.589989290750232,22.52202733961981
79,0.44,52.59989113912056,68.25783371471604,63.99805677139585,63.413450853325514,18.629137136068312,20.477191977792977,16.345775132063356,17.50590688338875
80,0.02666666666666667,56.24860817058056,70.26843651760076,63.95989126493889,62.84267298166347,21.628962898970574,25.52355883179539,20.120878577164515,24.128845602950364
81,0.6866666666666666,40.59591865283423,74.30342875941481,65.2130660881296,63.44263711432359,17.737427093456553,19.09733749222746,13.086784275493677,22.08716003167332
82,0.12666666666666668,55.418102151342794,70.80754583671731,63.98137558578353,62.73697824560547,20.585650174544643,24.456308706950388,18.882818317858916,22.960847245792255
83,0.49333333333333335,49.55259039300726,72.37137423881734,64.48430391895945,63.604715801381765,17.88381011926898,21.093217174193825,14.893527890500463,23.522990104880375
84,0.7733333333333333,32.82067486298408,74.835538074519,65.81680326045033,63.29291786317388,18.523847903863125,18.80194379628004,12.495824106708593,22.05070540631784
85,0.42,51.460164737778925,71.75801065556354,64.29363663822122,63.535088990857986,18.312859506511494,22.008912088563942,15.716787751062853,24.295563382488258
86,0.21333333333333335,56.64985164558095,65.37916979005757,63.60492838134628,63.35212989004011,22.264751412269437,19.204338147480932,20.865784878153846,17.174612769552404
87,0.7533333333333333,35.07660397058595,74.95612972396732,65.64508870918759,63.3886579276355,18.267407922163596,18.62209557868975,12.623245466379824,21.826608891895663
88,0.5066666666666667,48.73260994478717,73.88360998367725,64.73013110515512,62.93442222680242,17.692880021564577,21.64586664254074,14.58535739758222,19.250752588508384
89,0.0,58.415395877021986,65.71803851256985,63.47924166696517,62.996916369910934,26.133970789846895,18.543730117224552,25.190827366540343,17.283723129419332
90,0.6733333333333333,42.36733624933655,74.10350122481584,65.01717827198009,63.4226120136858,17.718053555249124,19.299720696789787,13.328679013736528,22.25789132342555
91,0.44,50.65820353112677,73.36790658113758,64.47371967042082,62.56018209196961,18.101883827209182,21.55718819073842,15.342543820546057,19.530698699910335
92,0.6,45.85749471946219,73.58587403197551,64.85709819415412,63.5595825245922,17.57072684494079,19.73942698893404,13.882602523091917,22.49916899148438
93,0.30666666666666664,53.44271728105462,71.09410155469452,64.09100515050471,63.508879895292054,19.130474800629624,23.00121310723789,16.9791429733292,25.06248765531013
94,0.9933333333333333,-28.103611467041638,80.27264251534852,70.24153355637283,63.16032179957493,25.126687323547458,16.12315916727297,11.67724077221267,20.760545431945097
95,0.4,52.21164456767893,71.82885686657593,64.18071276062588,63.5025035057261,18.567540493986055,21.83185111149697,16.142975007946895,24.077787889694413
96,0.7666666666666667,30.801741190504192,75.16035835779981,65.88658453991341,63.37076071188107,18.772910086750418,18.456147660575702,12.393770089244692,21.699787297065654
97,0.78,31.989395067174023,74.90323592605391,65.91428427820728,63.293748452701195,18.633093810245605,18.710334213962017,12.453968599744318,21.951920610456828
98,0.4066666666666667,54.2699498589695,65.704441217124,63.69791820805582,63.77505311196504,19.55666021268736,19.325371788032474,17.63792433039519,16.194211711571636
99,0.5333333333333333,47.97959933190949,73.7236089633417,64.66636129531204,63.13220822999908,17.664577096230005,21.85875475746366,14.384665032130783,19.39474577265739
100,0.56,47.178359625443655,73.0742846486431,64.80261995993423,63.500130004028,17.634017104416433,20.24661160590964,14.185103526341118,22.883265090910083
101,0.9066666666666666,1.5267047440567705,77.16475297107876,68.19334112605607,63.091687581287076,22.123865277599524,21.215616284241882,11.764299357100231,17.344406405196093
102,0.9266666666666666,-5.384936742632448,77.85541730892011,68.76149827181925,63.22548888683915,22.84579758604474,17.036935656280157,11.71135805319483,21.054802779034407
103,0.58,46.630268548870504,73.34472995029641,64.83476484183275,63.513760117565695,17.587620853462912,22.68360014839995,14.048200677179988,19.992551399716998
104,0.0,58.41532601047323,65.71816720884556,63.478181565673886,62.99591880958789,26.134095718761834,18.543690094424026,25.190715482522823,17.283755535812787
105,0.5266666666666666,48.81437333452114,72.73678347285559,64.60891626632137,63.538162557159296,17.770909664211864,20.642138824240096,14.64437595655457,23.155070148415955
106,0.006666666666666667,58.34643272739331,65.7180259407979,63.511905281200235,62.95732267222412,26.015870591152407,18.534191890173027,25.041956352884984,17.28479790766485
107,0.7066666666666667,39.03057174500076,74.69598273069738,65.4429906180837,63.45519896270736,17.906084168146943,18.750831416346223,12.934981197379802,21.835769702198707
108,0.35333333333333333,52.88471485300858,71.47764515033336,64.16041417683635,63.5106920818435,18.84219819675578,22.447064917684568,16.562833365541287,24.614426277028105
109,0.8533333333333334,14.71018303483023,76.61407637199608,67.14620748681547,63.264714836946155,20.708651964568837,17.692121317982988,11.926108826165384,21.393051879570802
110,0.7866666666666666,31.2097823682845,75.03004567160137,66.39206861233306,63.305318977288955,18.706984910727627,18.66156510912333,12.418616976146826,21.957468383579425
111,0.006666666666666667,57.50786285858114,66.70245549079326,63.61885727763162,63.0474026087943,24.089257586928433,20.463256676323816,22.86024420788859,19.03682915939533
112,0.56,47.182372155799726,73.0741569435722,64.73508749253645,63.50135465393264,17.632821879955372,20.246698736844564,14.18572577785299,22.883139296046586
113,0.62,45.16849090526455,73.855014544052,64.94158029776659,63.55827493838636,17.545505903663802,19.447998652309856,13.738034292167477,22.276696618150332
114,0.92,-2.7479813228119503,77.70312255282673,68.57823354812433,63.20498579763875,22.548820357511214,17.10012495661248,11.734608774039147,21.096093266341654
115,0.6666666666666666,42.93348066202307,74.03763437293395,65.02766410818421,63.45866118186031,17.65050144366234,19.366986517805547,13.391309477827377,22.304268514073364
116,0.013333333333333334,56.43971395233893,69.43386193587209,63.85534586838892,62.68837538051332,22.015747248391662,23.131514869072067,20.52412350264112,21.88721903347566
117,0.07333333333333333,57.194734823848634,66.55249609521269,63.62238398568226,63.11064668410738,23.298398040770316,19.854699233889235,22.007768089864463,18.3194364204639
118,0.64,44.26773876256193,73.5926305056492,65.05647482905589,63.440871840163844,17.591633724777285,19.72973973055495,13.591720069374542,22.52171039618469
119,0.6933333333333334,40.386239032299464,74.43297979502651,65.2579254287598,63.485118180357404,17.72513102648888,18.97751629369347,13.050419578369704,21.998561258681182
120,0.5733333333333334,46.78044938585568,73.26549835588798,64.81016877145626,63.537645268447925,17.61072773879159,20.115447410634957,14.089469749610915,22.82062168658166
121,0.02666666666666667,58.288542530094915,65.06383820608951,63.51450437958981,63.22121705264661,25.83466374725225,19.025575189370926,24.854643204015584,17.5592052661507
122,0.25333333333333335,53.998329030990675,71.43714529683352,64.070025008389,62.99451287132777,19.45211034424472,23.925412978212112,17.40692617259771,22.110924121348873
123,0.74,36.6570784040445,74.65926070960265,65.60520293869706,63.43953904626878,18.07986654335062,18.897639551372013,12.731265915847544,22.00703540686476
124,0.36666666666666664,55.462240587816005,64.40517706212485,63.633480745615365,63.69120010161778,18.976401073915078,18.926422303441644,20.613096116512445,15.819458695946963
125,0.23333333333333334,54.16516195824758,71.47555151829722,64.06704339121029,62.75015453471107,19.574895525947618,23.41287146427743,17.56772243361325,21.77831806725733
126,0.0,58.41615501426536,65.7179989023743,63.46879314136581,62.997176253679754,25.19242932502284,18.54372042643031,26.132182433091334,17.28373097600275
127,0.2733333333333333,54.14666762803048,70.87249285131256,64.00645446652754,63.54008582599127,19.545615207448822,23.525254804823295,17.55340116179209,25.547924493461476
128,0.7666666666666667,30.76131451914707,75.15936355626918,66.22989639062787,63.377433214869974,18.781142283263364,18.456615046556486,12.391403508996692,21.69902770635764
129,0.66,43.250824407766615,73.9535082246562,65.03324731823243,63.41155270297422,17.62115929021026,19.45538748195985,13.431668965705661,22.37436940286469
130,0.7533333333333333,35.0763666518903,74.95764016185124,65.64927155025795,63.37757045274355,18.267447288671978,18.621367581513766,12.623232476440577,21.82778125811819
131,0.6533333333333333,43.60478980427258,73.84391375034382,64.89927043608415,63.45147662184971,17.590760255783014,19.52106182822966,13.480330375974484,22.401320615795484
132,0.5733333333333334,46.781322080817155,73.26698328611312,64.83765461058564,63.52085141829877,17.610069578150277,20.114458346060225,14.0898068225416,22.822066099068575
133,0.76,34.5954693985993,74.6112905429421,65.7009296762345,63.31106254654229,18.33486019864944,18.969218294416248,12.595719232633765,22.138951551373495
134,0.7866666666666666,31.199137719241893,75.0335209384088,65.43017305726163,63.28596689159217,18.715553721758155,18.659929112605585,12.416112602229344,21.96013414437013
135,0.66,43.252692184080345,73.95231832210011,65.07708022873113,63.42302646232276,17.62008617178152,19.456068533500567,13.432144297525689,22.373333641336327
136,0.68,40.92425846868804,74.21085777563957,65.26644194051167,63.440268035282735,17.709662381326602,19.200065351645488,13.116997400836487,22.167069774796474
137,0.6733333333333333,42.37861379816984,74.09927949715276,65.15005498665009,63.45178987280333,17.71292431317113,19.30209347516223,13.330864066345654,22.254253265725914
138,0.8,25.613612918835866,75.32803956978015,66.30572754647939,63.28093514319858,19.40859668825825,18.44526502562293,12.187205873256035,21.806992711638404
139,0.21333333333333335,55.168997597705655,69.48397022717884,63.92227762662735,62.81915605970721,20.35873087005473,21.926190139291663,18.603675818084266,20.103094195420585
140,0.18666666666666668,54.90732605337704,70.76478514208412,64.00971791534175,63.27119583825099,20.14529773778843,25.407550168802544,18.312628807880145,23.602026704918053
141,0.64,44.25228756179216,73.58820558443625,64.89827330936332,63.469556979298886,17.599065349596938,19.73247190432923,13.588295947268927,22.51764838936458
142,0.7,40.877800337014854,74.04400016984809,65.12455944419821,63.32673853703669,17.80811379392496,19.42800368219784,13.15136730997258,22.401922524125617
143,0.4266666666666667,53.81966986936224,66.24872577346994,63.79755147991617,63.603752645138,19.218507939279043,19.41853786567611,17.22025765510403,16.21296044095631
144,0.2866666666666667,56.08665850004801,64.87378979045954,63.64611268453563,63.636838782560886,21.267835996361836,19.376947163393226,19.772364242987315,16.763936530359747
145,0.3,53.53080736335408,71.76702584750899,64.10045137221167,63.05722652648079,19.15081755578441,23.597693348120657,17.0300840539965,21.67634892047207
146,0.7066666666666667,39.03051210995875,74.70073831012374,65.38745329695647,63.426774760791936,17.90650871146177,18.748399777024535,12.934821170092828,21.83961156788367
147,0.28,56.27763790724423,64.49742657862588,63.60959538806116,63.64436860996653,21.60649095157494,19.17487518907511,20.141008782262546,16.676470982314896
148,0.34,55.663572385521036,64.66210802247981,63.64530628018121,63.61161147012858,20.82901323297263,19.172813264143628,19.227045611095207,16.380260931313277
149,0.6866666666666666,40.582001507542586,73.8567969573468,65.42253325496979,63.38322010961745,17.74044634111658,19.58685450392683,13.085572130757475,22.513644557064993
150,0.9866666666666667,-26.643935385972664,78.9351903890826,70.76017321690645,63.07452692770744,25.052911659450313,16.570894978845537,11.674528170601622,20.881266373756226
151,0.013333333333333334,58.31722893022059,65.13109387000169,63.507197599522954,63.17764021692138,24.938941616124776,19.16822175418584,25.915402359576557,17.673537342315775
152,0.5333333333333333,47.984302725692025,73.7214771285998,64.62658456058054,63.164620408616024,17.662687463838665,21.85740187229131,14.385685696050636,19.39569094069008
153,0.11333333333333333,55.48329952063379,70.97905664734007,64.02743590655233,62.52066329081685,20.68210211871069,23.88081442244259,18.986852461386526,22.47932241264456
154,0.02666666666666667,58.288525040118984,65.06379717403046,63.515446205675026,63.22326700400066,25.834713059329452,19.02629970588259,24.854599293851678,17.558635753294
155,0.6266666666666667,44.882983627254866,73.47403182906147,64.99344528396637,63.340945031179544,17.56139729074035,22.699653113616883,13.693121759960652,19.915668682388198
156,0.0,58.41537012685087,65.71832092361544,63.47404422175754,62.99377066625684,25.190870484641312,18.54319636660375,26.133922645397835,17.284155338654315
157,0.8533333333333334,14.889034305491197,76.61579816518537,67.9290097243366,63.25096567707922,20.670330980075857,21.394164269152807,11.933455409468479,17.69149221554389
158,0.4533333333333333,50.941725268143315,72.26323604944933,64.3620992709771,63.417110355689054,18.128053110554266,21.21897757478225,15.44782066230912,23.574574630245966
159,0.5933333333333334,45.994941955215076,73.55840626001908,64.83416821993231,63.51472380276881,17.59799317765297,19.783412108500467,13.924112321694473,22.544236222330817
160,0.013333333333333334,58.317253337268305,65.13098168650262,63.50677689888921,63.17872842407718,24.93899262826857,19.168301001320206,25.91534511812783,17.67347522630559
161,0.9866666666666667,-25.22029942006812,80.1132724586833,67.55175207742099,63.163191297944074,24.866778530044016,16.197243142425137,11.693621977865243,20.815419984025873
162,0.16666666666666666,57.32084121653146,64.6502562527474,63.53466260936923,63.39600143422516,22.219319806140916,18.98864022147866,23.448249471032074,17.05719197249222
163,0.7733333333333333,32.83966605886374,74.83059451117953,66.02063381711662,63.320417266105956,18.517428374551432,18.80435092818403,12.497796224655854,22.046824250910838
164,0.8066666666666666,24.096336143602542,75.4554990549005,66.34663728554283,63.26164297634954,19.630384366049842,18.357864222982666,12.144852452740878,21.762955507947616
165,0.92,-2.74232232383795,77.71691730370212,68.48430832390791,63.13101801572844,22.54815204818682,21.104321552731363,11.734702970898633,17.09574691080524
166,0.5066666666666667,49.22468155037996,72.50012129037754,64.5511982590436,63.51903434654988,17.863004586473515,23.4327722108627,14.797681475516907,20.94642805604597
167,0.6466666666666666,44.02070493610755,73.76175124857735,64.82724442529536,63.46947305024316,17.606534262442526,19.59914647090918,13.551530653887331,22.438299717396358
168,0.8933333333333333,4.590758045504768,77.68761137382464,68.33839973629125,63.20591266697416,21.80931242693952,21.13283631463341,11.795380738941937,17.13590984242533
169,1.0,-31.04238686729531,79.4033925398455,70.86061645115183,63.078138542008695,25.335979497134545,16.392259185694503,11.692377418588636,20.82245180511756
170,0.6266666666666667,44.88301552904806,73.46183874388694,64.9207633907734,63.4623062746463,17.56202608374702,19.9231362375962,13.692823702220931,22.688610033895504
171,0.32666666666666666,55.758884507657996,64.95260158991161,63.66293118156206,63.535285287703154,20.906978830931834,19.23805311071639,19.33267460035337,16.459277983293276
172,0.48,49.79604736975064,72.24487317946345,64.49376136004379,63.48121188128369,17.923789340277718,21.283583711801608,14.984821556118018,23.70859611314109
173,0.4866666666666667,49.28426540703279,73.56858283844443,64.77108151585986,62.87015083936654,17.763004479714848,21.803991771015067,14.775456210853797,19.52855841497718
174,0.7733333333333333,32.83959593249699,74.8342720134084,66.02029917423043,63.30193391898091,18.517449418433316,18.80255157277364,12.497789754971969,22.049725119659914
175,0.5,48.80169714956656,73.82341557558618,64.6506670535104,62.93484100706478,17.765383440267087,21.70913362882462,14.642037830082959,19.33452305093955
176,0.06666666666666667,56.711685534692116,67.57460549216725,63.618203986362836,63.08855807219421,22.423898622187497,21.585125192586364,21.009058754981034,20.01072887372962
177,0.86,13.04364107431827,76.70095310217653,67.2553192150576,63.24341505874879,20.928954182250497,17.632893895280926,11.896369634470606,21.362548889226183
178,0.9333333333333333,-7.841183365642571,77.95472542468163,68.72639826504468,63.18179397350737,23.088549166048367,16.969882703901533,11.702863202129452,21.014334687760822
179,0.02666666666666667,58.28920052992354,65.06334167495461,63.52266166725098,63.21710092128911,25.833461721152663,19.021297480791116,24.855713703407957,17.562570255479393
180,0.49333333333333335,49.552258090026086,72.37644991004716,64.4910680997413,63.5715076165094,17.883927690201233,21.089147338149775,14.893459984944498,23.528638279609478
181,0.88,8.136549428937498,76.55212334233853,68.03333585810365,63.158652890076816,21.450550650555243,17.713166149560294,11.830099924209538,21.418086580655157
182,0.42,51.45951361149126,71.99209552888088,64.33129429826506,63.45122532908172,18.312976984820747,21.52360256020388,15.716713487923638,23.754962356705025
183,0.28,56.11139600729417,65.48983842262983,63.609641606574314,63.34483123363602,21.363076051728683,18.81545545625798,19.857888340884678,16.53536778286037
184,0.88,8.09117378610566,77.22597783345203,67.51789106820799,63.26403485426558,21.46054244122189,17.34557471040009,11.828425376028672,21.200408865761627
185,0.56,47.17833253928323,73.07447672527631,64.80137643899407,63.49810138204354,17.634041833125092,20.24648075635505,14.185090654410407,22.883454011266014
186,0.7066666666666667,39.030211543788376,74.69959893931194,65.43221099832833,63.43590556744342,17.906278881710833,18.74897826152317,12.934907799930475,21.838697272627638
187,0.52,48.44259679397642,73.67824781296264,64.729728573324,63.17002503393145,17.68422189407401,22.04017955758429,14.509302802372323,19.530739359846283
188,0.9933333333333333,-27.250399599228686,80.27873645902785,68.43064864826641,63.13631741227459,25.016558872244175,16.12168838362551,11.688383675524289,20.763686465882326
189,0.6666666666666666,42.93357883913569,74.04129562592907,65.01649254540247,63.43892630940245,17.650554018851384,19.364880228324296,13.391286517621035,22.307487067422535
190,0.76,34.59564266701453,74.60537025332663,65.61205970462987,63.33967153086145,18.335369428157772,18.972216861755953,12.595554141771629,22.13418731303631
191,0.7533333333333333,35.12368122582993,74.9575635032712,65.4133202825261,63.37824065501356,18.25550767562465,18.621404250877585,12.62717793898272,21.827722197989278
192,0.6533333333333333,43.593161710833165,73.84365298952447,64.9858909882108,63.457313487339135,17.594520545563224,19.521210993281688,13.47863896902188,22.40109520946653
193,0.02,58.29348319350976,65.07065282784716,63.52606274008311,63.211948012455416,25.91050854133774,19.086228348631238,24.91718217610942,17.62318253131013
194,0.7266666666666667,37.38923519540929,74.4356228516007,65.66554587115752,63.35648492886082,18.06241582398983,19.03275073666374,12.803353275370924,22.0961349669318
195,0.5733333333333334,46.7805789453097,73.26702607225033,64.79996935363643,63.51971790276082,17.610767194997393,20.114430075949752,14.089449544326651,22.82210739140485
196,0.7133333333333334,38.87881971017077,74.24237176983199,65.30663699286391,63.37381412134183,17.873253323620673,19.247015600793368,12.915312088964196,22.28830448586506
197,0.94,-9.658978218060525,78.21717840924937,68.9547340242768,63.197824434163834,23.252247526327615,16.867596014613294,11.701587454539299,20.98195599154386
198,0.0,58.41555625767023,65.71693780899932,63.47216953978936,63.00155924833686,25.191251094648596,18.542253192583903,26.133497689319434,17.284919252614536
199,0.6333333333333333,44.51213184571631,73.54614045829119,65.05038282639192,63.42079258471221,17.579196630580658,19.774198984239405,13.632700327615288,22.55045204622047
200,0.6333333333333333,44.51328349320732,73.54120036146064,64.85344837895522,63.448080874658636,17.580357440875552,19.777278769566916,13.632159023957565,22.545886884617754
201,0.0,58.415283675140714,65.71737676749717,63.47666657719907,63.00009480820241,26.13415432442869,18.54302392651115,25.190662997442157,17.284294988435185
202,0.7733333333333333,32.84986110626539,74.83079866030769,66.06407271496907,63.31955474149092,18.514402287589107,18.804250298620524,12.498726892434192,22.04698643077992
203,0.4266666666666667,51.331386283065065,71.83113935220742,64.31280702834111,63.54219568206308,18.284178586504915,21.896573433160068,15.657659077421197,24.208277220081712
204,0.8933333333333333,4.553655349723028,77.68378648165724,68.05597691121744,63.25234380838993,21.816603788532788,17.137062681973205,11.794227983482578,21.130674540775868
205,0.48,49.80216577076375,72.24524381319463,64.4344956495688,63.47403988950824,17.920986572802278,21.283296504549828,14.986459976727934,23.708993120308225
206,0.06,56.028022273301346,70.28544825947381,63.922108910087125,63.037800524619335,21.31236466401581,25.878709837123445,19.750712969997696,24.322407129806443
207,0.7666666666666667,30.771195020212666,75.15657252846093,66.01878622239275,63.39193465442449,18.779944171519674,18.457936493894973,12.391747662715542,21.696880847835416
208,0.5066666666666667,49.22275169786976,72.50014527358506,64.508028110099,63.52044003751674,17.864423609734846,20.946409947908453,14.796874946948881,23.432797563091764
209,0.6866666666666666,40.57901343236311,74.31102860593285,65.35290385761965,63.40194567938407,17.742025935664618,19.09320277818369,13.084938347747208,22.093561453932708
210,0.5933333333333334,45.997903845124995,73.55727632409344,64.77676585402705,63.525721952615264,17.597220395090126,19.78412106952045,13.924495161380351,22.54318723151496
211,0.5933333333333334,45.999929107982965,73.55890539391153,64.76149571295738,63.50073102683656,17.596478768126474,19.783106248287734,13.924862643586023,22.544688858362296
212,0.74,36.657035865277386,74.6912169377412,65.62728627100046,63.351498445671396,18.07972949831128,18.881099205148487,12.731313767816848,22.03323847364501
213,0.19333333333333333,54.821323758907866,70.65015328267278,64.05037865252814,63.4264313037316,20.09321842196768,25.836757709405806,18.24032699334954,23.927088689774138
214,0.6133333333333333,45.24659595437534,73.72645957176859,64.96631321436232,63.522352922526686,17.606313696548934,19.594417605240174,13.779617299904658,22.41049145308863
215,0.7933333333333333,30.33997928609738,75.20056182961864,65.84804604619848,63.27949907708144,18.838729239840863,18.5538067887681,12.371602127491073,21.892126778828068
216,0.5666666666666667,46.89218236269819,73.22368475245402,64.67857986058601,63.54664503110991,17.646407780443482,20.12243654539854,14.12986274924174,22.801114722607398
217,0.8466666666666667,15.78709959534325,76.38306959836044,67.03095552643283,63.09176786794415,20.613009776814422,21.456425872972254,11.945954335022265,17.814380915260983
218,0.5533333333333333,47.55962795054141,73.77748713558213,64.62925827175461,63.382864275234056,17.611955047423553,19.517247264550257,14.266774661939259,22.197564116992787
219,0.72,38.0892769780038,74.86138271156806,65.5989399871126,63.45939034172432,17.98669644085799,18.60184481470448,12.858240688071678,21.71521865431138
220,0.38666666666666666,55.32477130036987,64.26062337129672,63.58439151680758,63.72981035256911,20.42037329859403,18.813247453428662,18.75613804240241,15.70854634306539
221,0.7666666666666667,33.42915676390416,75.15803855874147,65.63669792536288,63.38487817064065,18.498695520426402,18.457241003501657,12.537033391564112,21.698010623126294
222,0.48,49.79607617584723,72.24520205803826,64.49125966880224,63.47537963237993,17.923798375732208,21.283327723274716,14.984816276352076,23.70894996485692
223,0.013333333333333334,58.317180047437,65.13100666792263,63.50899090713985,63.17852540121661,25.915534365101724,19.168305298274994,24.938823978592517,17.673471858279157
224,0.98,-22.635007848263932,78.72136073105574,68.01197792810011,63.1515827476662,24.641339537231083,16.668131267471825,11.68200414229907,20.912272177308903
225,0.16,56.972349747968586,65.83349858261715,63.57781221618347,63.25310324682061,22.77545255611966,19.68995965033462,21.45449340378054,17.846672867483623
226,0.0,58.41542449620355,65.71813974192442,63.479572703345326,62.99615770571184,26.13391759399777,18.54371076474587,25.190875008695343,17.28373879903949
227,0.5333333333333333,47.9826288284115,73.72297124915887,64.7449508102509,63.15242247637006,17.66232121793634,21.85852871629268,14.38588358274448,19.394903670287587
228,0.15333333333333332,56.85831003715704,66.13177083802564,63.5902217088993,63.128487797060856,22.566118270640985,19.923934989454487,21.22182462168987,18.107654755654945
229,0.02666666666666667,58.28854919852464,65.06376231902225,63.514309251794856,63.223711822151316,25.834647401208834,19.026329914592903,24.854657759531364,17.558612010076374
230,0.9,3.903257538496024,77.05733912953156,67.50298038889369,63.23272619581651,21.850798696227358,17.414908977609855,11.784669765147054,21.24841995562001
231,0.06666666666666667,57.24879623207513,66.49184240298374,63.59860128796795,63.03939117254601,23.377689832500746,19.888122367635948,22.102816714719282,18.376245236581667
232,0.8266666666666667,23.648021046963347,75.23996529729928,66.52241667443984,63.181211788295684,19.708500897862123,18.50859388887056,12.142637474305214,21.86873867096328
233,0.0,58.41528774986365,65.71830781364734,63.47703500177582,62.99156304265225,26.134153044809707,18.542125469127015,25.19066414341482,17.28502271764609
234,0.18666666666666668,54.908624885958275,71.37837115055973,63.99749023692215,62.538450565338344,20.14413586335134,23.115190453411177,18.313501696489897,21.69982796078414
235,0.4666666666666667,50.613201521607756,72.17469974671343,64.30526363271858,63.456624738434165,18.09473051985265,23.81375872803603,15.323756086175047,21.41644569062318
236,0.06,56.0285965745854,70.47512787629995,63.90865912620596,62.88971446387934,21.311789712795736,25.241786643640257,19.75117060273579,23.74110789697461
237,0.54,48.42246691591839,72.89729198317804,64.39254953709211,63.44310056612482,17.768851903046958,20.48960045359295,14.5459080702778,23.080167933342402
238,0.5,49.39360887204582,72.45086858996478,64.48478748379168,63.55956192707898,17.892308507849503,20.98595649704275,14.855979419092883,23.442442833145204
239,0.9266666666666666,-5.3824392692328225,77.86717838955015,68.8171139093942,63.18765875630756,22.845291767036596,17.033150146607152,11.711426195396735,21.06195382254879
240,0.013333333333333334,58.318224460889866,65.1308922858242,63.51773018282176,63.1793579397179,25.91357421164485,19.16823139130461,24.940571137430748,17.673529788409866
241,0.9666666666666667,-25.692377168407894,78.12227527513538,69.83705598043258,63.024590447936426,24.932575230177623,20.987379262466728,11.661543199806063,16.887136689185223
242,0.0,58.41534373869594,65.71782934364084,63.47444603790125,62.99814217402107,25.19081414391006,18.543610443323143,26.13398555396418,17.28382003034207
243,0.8266666666666667,20.411147283475128,75.89977786670126,66.00374712174812,63.29032284212409,20.057536913709384,18.073152881707408,12.050221106192497,21.57424090391146
244,0.5,49.40170407947741,72.4494769247953,64.42132444967712,63.57844737588283,17.88852811456691,20.987075005636058,14.858144500874438,23.440884057616056
245,0.74,36.659481910751126,74.69270664069069,65.55579024112498,63.340999732639155,18.07948444664859,18.88035016453569,12.731399336478601,22.034428946752733
246,0.30666666666666664,53.08503731682083,72.06259843569235,64.21884967937818,62.63263861425879,18.98151583804318,22.672850668247182,16.722294543857107,20.944723889343027
247,0.66,43.251800374966194,73.93869423616006,64.99898078145773,63.474869766507645,17.62107688376697,19.464044099502164,13.431705462313015,22.361222958459706
248,0.72,38.083666998654785,74.86185595319265,65.54464100086457,63.4526827581032,17.98883457898748,18.601612039115615,12.857459763305826,21.71558897780443
249,0.013333333333333334,58.31718368578776,65.1311633011721,63.50959507437179,63.17602299782038,25.91553801580875,19.167646408777323,24.93882072529152,17.67398835608406
250,0.7133333333333334,38.86588921910317,74.78420985855132,65.38793344785238,63.43314049166308,17.87679414316449,18.68374467226519,12.913976689261876,21.7956006512151
251,0.013333333333333334,58.31737417225729,65.1311560397119,63.50533693745128,63.17645368965226,24.93923474100399,19.167852383266805,25.91507344996165,17.673826883867097
252,0.66,43.2508436315882,73.95294481851882,65.02690222104897,63.41776681858976,17.621205132947143,19.455708339632093,13.431648662979057,22.37388140240247
253,0.46,50.725855340711554,72.12377844406778,64.34867464106834,63.488998484387736,18.14125609103089,21.49678618206939,15.384751736446121,23.894332090403996
254,0.4066666666666667,51.71368724972601,71.9141950689698,64.29877350022387,63.53930085966336,18.3666086213441,21.694656661283712,15.837024842921478,23.955911922947557
255,0.82,21.72714910637123,75.78469060877006,66.21526350218299,63.24668049134983,19.91408336285185,18.166400355528484,12.087253456039091,21.654275184801456
256,0.006666666666666667,58.34647292728828,65.71816212246164,63.50941019446789,62.95661894021136,26.015739065981723,18.53428484924223,25.042073654742996,17.28472251004979
257,0.0,58.41530596993657,65.71816847847202,63.47772053431175,62.99590730601508,26.134128478935654,18.543688923996537,25.190686143631687,17.283756483512327
258,0.7933333333333333,30.36154078737749,75.19834840059694,65.69200519222144,63.29385901606636,18.834109759146642,18.554813450303367,12.37291114322015,21.890473432997698
259,0.7133333333333334,38.96971933868855,74.24274920825498,65.0740298566764,63.37052006497917,17.845813386823103,19.246813971374195,12.92570199999969,22.288617605842447
260,0.11333333333333333,57.02186630178603,65.94091460027508,63.60621505365678,63.28984134381021,22.964727587233458,20.125810196165357,21.63908149305134,18.346657064151593
261,0.11333333333333333,57.57225402137121,65.03713030510889,63.503520498572634,63.39022757882492,23.99503015176001,19.51027752920904,22.832169431459864,17.70715962100572
262,0.02666666666666667,58.288630623413866,65.06376299657332,63.51843330425957,63.223704184093535,25.834545293141282,19.026329783281984,24.8547486839984,17.558612113282944
263,0.9066666666666666,1.548258341074122,77.1479242786735,68.52810848843849,63.215581750251644,22.11932026334893,17.35002099838022,11.764982988708583,21.20535312990612
264,0.0,56.40529555649839,70.32289852513206,63.86104688587823,62.63845448598957,21.854993517008687,24.994175064972186,20.36557135004528,23.764687509026402
265,0.94,-9.667810847151033,78.22370099252258,69.07163102278692,63.17528569757745,23.253339798532952,16.86559297205763,11.701448256836047,20.98581313352818
266,0.9933333333333333,-28.100020536512265,79.19439532190142,70.13924574577324,63.092113716640775,25.126274079401398,16.48827646084251,11.67728225182978,20.85814541941717
267,0.26666666666666666,53.87187812430244,71.72428299068123,64.10932608043633,62.741577849097325,19.388941641202454,23.172999324801626,17.31463744143253,21.458144837922035
268,0.5733333333333334,46.78109529908018,73.26560172105167,64.7870684828217,63.53687273950457,17.61065780257548,20.115378413880215,14.089505564071432,22.82072243241638
269,0.78,31.997217523115182,74.90364769980366,66.02817362742628,63.290892871275055,18.63031341056998,18.710138102058973,12.454799055061795,21.952237343311733
270,0.36,55.49048110365116,64.44978612838513,63.670383197476,63.72891093598247,20.66937130197202,18.97058551623631,19.02537056513013,15.917665793361818
271,0.98,-23.232237650820775,79.72582057646746,68.83932286993608,63.190955706051035,24.72123323173169,16.31070605109947,11.673541784681401,20.81150222321318
272,0.02,58.293446781734616,65.07075384799998,63.523869126472086,63.20529086281728,25.91054823936502,19.083373970948774,24.917146871128722,17.6254304708733
273,0.3466666666666667,55.59631830251277,64.75306684289788,63.65305367477784,63.60289892454413,20.755712439282682,19.106649167086886,19.14001958097652,16.348105454487406
274,0.5066666666666667,48.733638173039424,73.4915793110329,64.65470394455669,63.15518372449873,17.693173577242288,22.181141706749766,14.585192949822824,19.726288446205185
275,1.0,-30.834578623408262,80.6651565082797,69.61155103302568,63.07026342354687,25.30987613468687,20.743888792212317,11.694947853454789,16.023179532457007
276,0.8333333333333334,18.540193916586286,76.12813250438391,66.8381314837163,63.28577704542901,20.32220498549044,17.967665885673682,12.00099251433404,21.560142694077815
277,0.006666666666666667,58.34644016000941,65.71859448713454,63.51222297453323,62.95093523000839,26.015861616391742,18.532846076209523,25.041964356994168,17.28588971356144
278,0.4866666666666667,49.2639835750504,73.56836404723562,64.71067816078981,62.89384762908892,17.774384913327918,21.804363809987507,14.768916980523764,19.528291132226137
279,0.6933333333333334,40.37976930557263,73.99929872989733,65.32665629721258,63.343904060723794,17.726786839403104,19.47831254212624,13.049758850703107,22.45058454168123
280,0.4066666666666667,54.26969112325908,65.70217504482245,63.7269853933006,63.76913309330219,19.557042300714137,19.324233061129853,17.63764404613875,16.194881875102173
281,0.74,36.693830646592964,74.6905035155998,65.38076971092777,63.35560167388865,18.07040985576485,18.88146072886032,12.734571727588628,22.03266401269529
282,0.76,31.501865910190176,74.99842262229971,66.09045752047747,63.33438675150487,18.703350476192767,18.558907524488635,12.427306828538477,21.765601050501736
283,0.66,43.250955973124476,73.95377467649537,65.01962523627316,63.40746431058303,17.62122355170591,22.374596642254662,13.431640505791924,19.455238085867677
284,0.006666666666666667,56.36165340777494,70.3282690180772,63.87132893239868,62.62191906241841,21.816253189962172,24.870306431365908,20.310269279829342,23.67923303486222
285,0.47333333333333333,50.546042533466036,72.20141646645985,64.3453707862371,63.39295737940949,18.063707715536957,23.712290462690728,15.286000607744052,21.34136411308618
286,0.6466666666666666,44.034489326575624,73.76111861894385,64.7692889847255,63.48023119811586,17.601580001352726,19.599523343104977,13.553791204901216,22.43773422924155
287,0.5,49.39709444125549,72.45086268845908,64.44584205593668,63.56006749152637,17.890789044468086,20.98596189576325,14.856849357374891,23.442435308037183
288,0.006666666666666667,58.34682547714032,65.71793340084034,63.505905515991984,62.957752554330405,25.042779840248734,18.534104320206648,26.014947333902928,17.284868936205957
289,0.006666666666666667,58.34643854760737,65.71860255979064,63.51216329996289,62.95143395913202,26.015863745361923,18.533122791620634,25.041962458278423,17.28566518891747
290,0.38,55.358611377903195,64.22173221164091,63.61048538775536,63.76164658306104,20.467361685901288,18.83343065407382,18.808592896080977,15.786771390708587
291,0.013333333333333334,58.31719625561309,65.13095984408912,63.51016002793097,63.17889460900337,25.915522819373255,19.16829091543574,24.938834267500663,17.673483131810585
292,0.1,55.55009185565727,70.68024060730288,63.97908426430214,62.83828597144858,20.80490720254079,24.742027747071713,19.109412353251013,23.229921014365054
293,0.5866666666666667,46.28362194200526,73.4557360063215,64.82696816840564,63.538722480773195,17.58665024976972,19.885165791724095,13.978739696564643,22.608594461169524
294,0.5266666666666666,48.81261729541736,72.74918601287949,64.57318716781174,63.47330994367134,17.772129181702336,23.167885369733636,14.64369362318921,20.633073041919882
295,0.12,57.52211796768978,65.05921143607246,63.521592646291744,63.41715916162144,23.908446570640777,19.528268926115604,22.72621567318838,17.72372806624156
296,0.24,54.9801184947931,68.49730058216088,63.83456995144636,63.20961129890923,20.19624610011679,21.51894191850339,18.40440561019769,19.40536549990132
297,0.0,58.41531529594854,65.71829433237777,63.477953093361265,62.99437796270319,26.134113586640225,18.54339156932148,25.19069948063556,17.283997263455838
298,0.4066666666666667,51.71311070199661,71.91415114838638,64.27548018036786,63.543315194476435,18.3671698287996,21.694698395679385,15.83666507485935,23.955855731382268
299,0.9,3.822844453720737,77.06555579444078,68.26483960222563,63.20104659326431,21.86222486674924,17.411996537306162,11.782879112027153,21.25371347555683
300,0.02666666666666667,58.28856304702429,65.06356284492362,63.51732906179155,63.22528726111491,25.834664760844504,19.02606396136187,24.85464230145302,17.558821049216622
301,1.0,-31.055653397705964,79.37574533601548,70.38432525664828,63.15090266766399,25.33776934582577,16.39969434813143,11.692201522622641,20.807239392797666
302,0.42,51.04650004832393,72.49449848759218,64.40529675487797,63.16996826274473,18.16069098261551,22.949457934791067,15.498086799007806,20.726664278508697
303,0.7,39.51242737611541,74.54649690490105,65.28248821861933,63.52603169510652,17.844386753145127,18.889594489361684,12.979072980085375,21.924867813917736
304,0.78,31.994409588045077,74.89939996098147,66.00456152649359,63.31368976155141,18.6312038577673,18.71218923027216,12.45453303596491,21.948925814733794
305,0.24666666666666667,57.10447680745017,64.14167753794973,63.5258182502447,63.50941532282334,21.67718609565711,18.361342865957255,22.921212836032844,16.0691637288898
306,0.32,55.8348484273542,64.86385515596953,63.65372257649472,63.645944129897366,20.97740653646356,19.253645347817834,19.42521413494374,16.540567608989683
307,0.62,45.176387828364746,73.43263691575115,65.01999716910599,63.40403891218017,17.541533613458217,22.760040741826824,13.73994218967593,19.974269351561528
308,0.6466666666666666,44.01733592839283,73.76116062086612,64.84820532881344,63.479738248071875,17.607690411969568,19.59949810817044,13.551003558375998,22.437772091331368
309,0.72,38.08211209006986,74.41150083698601,65.49414567238699,63.324301355673384,17.989679831645972,22.203053758247904,12.857151162725893,19.118731852742975
310,0.5,49.394668517464,72.44804897319061,64.46643685521695,63.58701476063229,17.891906950759086,20.98820643507133,14.856209286147973,23.43930784512465
311,0.0,58.415291347081826,65.71801759637707,63.47722200092138,62.997055666866586,26.134149206648047,18.54372596464329,25.190667580711768,17.28372649173867
312,0.11333333333333333,55.48487717226412,70.76908902592261,64.04079015684289,62.82177067437932,20.680275664930306,24.63563181258445,18.988265941185954,23.093029785028865
313,0.4866666666666667,49.254752509173215,73.56886598166376,64.60827104594051,62.88380014606955,17.780399929891242,21.80457402143718,14.76546930386784,19.528140121598852
314,0.02,58.29370183839785,65.07028249247924,63.528711668410295,63.21367211206996,25.910107669078915,19.085286419065994,24.917538704709496,17.623924132920152
315,0.72,38.089815800733604,74.86060339522912,65.60269470063761,63.46707936188059,17.986501510556415,18.602231929166464,12.858311904544287,21.714602865299142
316,0.66,43.25084305798427,73.9532102192442,65.03650954907701,63.415098028294295,17.621124928590294,19.455556664621884,13.431684183865592,22.374112081732573
317,0.8266666666666667,20.21602861269438,75.91478072776786,67.08648472905514,63.235003584051476,20.093547736929892,18.06687094877273,12.042440809276817,21.584940011298084
318,0.0,58.4152868970006,65.7174247199363,63.47698061972636,62.99991493963718,26.134153757975117,18.54309875440395,25.190663504734278,17.284234388531313
319,0.68,42.06360920277889,74.20176570981954,65.06333505567851,63.46466637597261,17.7053863277085,19.205150564194927,13.280153742666343,22.15925127322101
320,0.52,48.44446573989936,73.67877215214345,64.74922916137282,63.14535507115478,17.68308406489496,22.040278675225224,14.509931336651613,19.530670390454922
321,0.44,51.1450392777952,72.15730831865577,64.25432733365012,63.48188086873161,18.214093560460817,21.356176089642815,15.560934958737011,23.698206953331805
322,0.04666666666666667,55.847071149034804,70.67029295066686,63.9627464393997,62.68180732601819,21.114229861313415,24.465067797438785,19.486289981899443,23.114184343409647
323,0.43333333333333335,52.73346819581383,68.20638989313369,64.05974131152112,63.468413902981936,18.651937432930662,20.621698957460715,16.401051522838163,17.614017813518934
324,0.3333333333333333,53.065286846008384,71.35606256761912,64.13909063126381,63.562258064488724,18.967600726008072,24.696772670425542,16.711617972872986,22.576604890721594
325,0.02,58.29344414210235,65.0708014217556,63.52456211191677,63.21094121748356,25.91056427777755,19.086446821335315,24.917132607640927,17.623010552063914
326,0.02,58.29353352408187,65.07057041313693,63.52178434096743,63.20416032161541,24.91733143540083,19.08191455862544,25.910340713390408,17.62658054028012
327,0.25333333333333335,53.998681804138215,71.43716472334278,64.07621974762381,62.993968877270696,19.451780817158955,23.925420055968512,17.407162316686595,22.110918534876966
328,0.8133333333333334,22.680904136460484,75.6128175595563,66.58001601327729,63.299275520153536,19.818778091513487,18.273073592418587,12.105316996429982,21.719732581673824
329,0.0,58.41538336997024,65.71832027913811,63.47908380232217,62.99379002046305,26.13399377881195,18.543203256341883,25.190806777817087,17.284149759183755
330,0.29333333333333333,55.9840168939788,64.76457669018619,63.67135329267713,63.56792519703235,21.196137277930063,19.3575851511198,19.663999515941224,16.737699185926996
331,0.9733333333333334,-19.138451074768454,79.52210713364778,69.41278889515954,63.175773600178545,24.278486469595947,16.389547355863357,11.678175642284504,20.831177666196083
332,0.7733333333333333,32.822053723891706,74.82959732829256,65.89032981269105,63.32445071870006,18.523008452653514,18.804843303497503,12.496081821596194,22.04603080222396
333,0.8333333333333334,18.539978987820888,76.12284902795972,66.81054961361062,63.309807184632845,20.322385799868123,17.969811109813737,12.000955278236654,21.556437910402867
334,0.5266666666666666,48.813279266433845,72.74785225942856,64.55245395291676,63.49647980900638,17.77197148662887,20.634019321582578,14.643781842030354,23.166545941629412
335,0.8,25.60422067653,75.32468642565155,66.40928348770726,63.2974178126716,19.41016434691216,18.446788269147635,12.186817804944258,21.80447635029011
336,0.05333333333333334,56.07180647096956,70.22782010171456,63.88211971943248,63.04502223958561,21.375000220390373,25.939389206627048,19.82142488393954,24.402714920039617
337,0.7733333333333333,32.820478157544976,75.2845692688232,65.82884481229331,63.418389525786495,18.523824485174078,18.396477862260962,12.4958312956486,21.688687413978453
338,0.6533333333333333,43.59969025923443,73.84068904816816,64.92601583545024,63.481759664751074,17.59250164116573,19.52296387273687,13.479546873587214,22.39844729447257
339,0.58,46.63714738344718,73.34201361183742,64.73669969902443,63.55400302553688,17.585484608990498,19.994364243979593,14.04928966093935,22.680953131637583
340,0.88,8.087179670421879,76.54932122412187,67.56983066106874,63.168740838407956,21.461072496036664,17.71423043846872,11.828336628038823,21.416205460233275
341,0.48,49.38455906707435,73.57993259902725,64.64737176935229,62.820194454510045,17.787567744815995,21.830796385824566,14.803012669549092,19.532733221390583
342,0.02,58.29360862043713,65.07090249026743,63.527838623750704,63.206700955447374,25.91028253119883,19.084805889810077,24.917383181558705,17.624302542411755
343,0.04666666666666667,56.227264194578915,69.41107226370772,63.84336800902186,62.742686993660854,21.788230253262814,22.61152702483257,20.2314648728028,21.356728515734435
344,0.6666666666666666,42.94107609951008,74.02036354291846,64.93491929398341,63.507102644665125,17.64840302556542,19.377013241766907,13.392226145812531,22.288980432193444
345,0.36666666666666664,55.45937877278541,64.40544914799347,63.672351050939874,63.69184089682923,20.61682701983329,18.92628973191565,18.973491642799083,15.819536111333033
346,0.5133333333333333,48.97932077909626,72.56231478867966,64.52791029805715,63.522912811027524,17.851763855637017,20.862134343887814,14.729358367302533,23.364474760748948
347,0.68,42.08261884872281,74.22038748096702,64.90218522674526,63.39094363036085,17.69969606297864,19.194817620928834,13.282556737433175,22.175153357263813
348,0.9266666666666666,-5.2636552050568515,77.86732749752844,68.08405732790507,63.18707252259447,22.82840721182662,17.03310259985739,11.713704108880329,21.062043717743613
349,0.13333333333333333,55.74110360492045,68.84334429020224,63.826886195046946,62.929209469658105,19.417250411229606,22.583049889788118,21.05268342190655,20.82592183736523
350,0.88,8.135796843180964,76.55272431921475,68.03056747175428,63.156310752313324,21.45069558963868,17.712938806145658,11.830075611706201,21.41848851617303
351,0.6333333333333333,44.51123727344322,73.54190562086288,65.045524723665,63.445230896771214,17.579594655229172,19.77683657021692,13.632514703267521,22.54654205455578
352,0.08666666666666667,55.62392078824304,70.75089487331232,63.950655311877334,62.57340258918787,20.919836433543143,24.1784332686215,19.226638501479623,22.839944552147486
353,0.7866666666666666,31.080763697138483,75.02534203968473,65.97201242000864,63.32356358518873,18.743026019205544,18.663816373829608,12.408116676384036,21.953802810993913
354,0.9333333333333333,-0.8173318964481315,77.07839831299103,68.10851962033567,63.10049230647375,22.37665107713977,17.344100481121075,11.753247206429075,21.16871326994773
355,0.20666666666666667,57.358280186569665,64.4581917390365,63.484528770668625,63.44272737661062,22.24547167150772,18.57465632784252,23.44146358750461,16.54403308837351
356,0.7133333333333334,38.91952365232241,74.78419492940859,65.1768402478185,63.43352664825335,17.861166318697173,18.683751753725623,12.91987974764614,21.795589409385876
357,0.06666666666666667,55.962057512402204,70.31736555190258,63.906123355184974,63.072573030242275,21.24820927105059,25.876340236440797,19.66900461969101,24.29193261217323
358,0.04666666666666667,57.34302872382178,66.41051264650005,63.598700041380674,63.123298521771034,23.562941950948673,19.946676460032133,22.324233078371254,18.42573517954193
359,0.6733333333333333,42.36765641429664,74.10333706830602,65.0601752796326,63.424686592986184,17.717610448378284,19.29981096119399,13.328867659603146,22.257752868502845
360,0.58,46.63348468556784,73.34481378828617,64.75983345463771,63.52780200726423,17.586902626917738,19.992502312930256,14.048566731767307,22.68367184516321
361,0.9866666666666667,-26.471120367394935,80.11734090477866,68.90351748068962,63.14592880862184,25.031305135434263,16.19624746129222,11.676718011616599,20.81753375876075
362,0.4866666666666667,49.70257068392892,72.30428277545487,64.43688226463259,63.51290038679676,17.910791037969307,21.196521876779475,14.947574727866039,23.634770095336084
363,0.14666666666666667,56.91621668353724,66.07127423716774,63.58864562432943,63.19685408699026,22.6302579437307,20.000766032394967,21.30917043523369,18.140463825458557
364,0.32,55.834626728055696,64.862634852661,63.64537995001227,63.63616152462165,20.97749057710959,19.261301177759147,19.425147404103182,16.535718581805217
365,0.6466666666666666,44.01231392890984,73.76172504823306,64.93081265564516,63.47026253200888,17.609006533961196,19.599161749342844,13.550403731645417,22.438276790988073
366,0.98,-23.41472170313311,79.68926546672517,70.2494187937384,63.281339876614865,24.744552535235766,16.320284207263658,11.671090678394036,20.791651798655014
367,0.0,58.41533104722282,65.7181730155601,63.474670924584984,62.995865831656516,25.190786492258937,18.543684570878476,26.134016429384342,17.28376000824986
368,0.8933333333333333,4.55307112733385,77.687617647206,67.97427174355207,63.20546251001738,21.816968838524115,21.132837567400827,11.794170308778005,17.13590917451457
369,0.013333333333333334,58.31718288028458,65.131152146161,63.5095357775877,63.17658706985371,25.915538567799814,19.167908448894252,24.938820233389404,17.673782933289566
370,0.9133333333333333,-1.7110862988842404,77.26765200353057,68.43869780907559,63.141776009663154,22.503484932705522,17.253924154689255,11.73411476643752,21.122552144763286
371,0.7066666666666667,39.031842940189065,74.69556420498859,65.36378465830738,63.34857025503756,17.906252536613373,21.835148631698022,12.93491773052497,18.75122472107401
372,0.9666666666666667,-25.665912996839335,79.26553695838848,69.76128453119615,63.067306783691514,24.929158312388967,20.875869484937414,11.661892911384646,16.484651121613666
373,0.7533333333333333,35.086653679240655,74.95754913283858,65.55681274669476,63.378364490886554,18.265134364750377,18.62141112955229,12.623995892663812,21.827711119203002
374,0.48,49.79827800111785,72.24203180784933,64.4587959531687,63.500694022442374,17.922901647143057,21.28586255246459,14.985340335743919,23.705447343161236
375,0.74,36.73600969309472,74.69274472281273,65.96513877450062,63.34067771352672,18.053912187767217,18.88033117687278,12.740357515893256,22.03445912877475
376,0.5866666666666667,46.283946207718174,73.455792877868,64.80210916699852,63.53467432552739,17.586750112654325,19.885125345491,13.978689548665153,22.608653906009103
377,0.56,47.180123915481296,73.06610092109594,64.75393797477727,63.53831024270011,17.633678097205387,20.252243846863546,14.185279997330223,22.875141170948336
378,0.9666666666666667,-25.68189546171591,79.25139480103618,71.12668234867266,63.166163799221984,24.929812755569525,16.488319972891038,11.661825917462812,20.868424784714747
379,0.8466666666666667,15.797156364462388,76.40068033763345,67.24425547633287,63.2316578645903,20.61002097907923,21.469875960790958,11.946536252022806,17.806695349347745
380,0.32666666666666666,55.75785177653476,64.95225474636239,63.642611514766,63.530492064248804,20.907773538323916,19.240034139591494,19.332046305786463,16.458037692218042
381,0.38,55.3586089629145,64.2199767657092,63.61207340230983,63.75844489448582,20.467393547813028,18.83764111552735,18.808568170114096,15.784292979050507
382,0.76,31.502727165083293,74.99322255175903,65.9975607483856,63.3644941802903,18.703712409635347,18.561395141955575,12.427200663048037,21.761590250554107
383,0.8533333333333334,14.710195852712836,76.61191040499776,67.1460420048504,63.277498699375066,20.708650179836877,17.6929291914992,11.926109167054955,21.39162381237098
384,0.7666666666666667,31.03520249841221,75.16144706718791,65.45563149048047,63.361409638432995,18.71524784505159,18.455640907373493,12.410472871160318,21.700611022316046
385,0.49333333333333335,49.55251002979464,72.37459752342592,64.52116578671614,63.58979910439627,17.88350921391621,21.090638227015454,14.893701695024026,23.526568351688514
386,0.43333333333333335,50.82198543786906,72.98215790522107,64.52372919672517,62.914281885863176,18.104780789278994,22.209048675196765,15.398944769293974,20.074309647108787
387,0.5,48.80035319145125,73.82042652305773,64.67127346523021,62.881529691868494,17.76584823373289,21.705438225305485,14.6417776271359,19.337134813400173
388,0.5866666666666667,46.28359231334145,73.45578858430132,64.8159749264756,63.53549716893611,17.586770385708846,19.885128862648333,13.978679368365631,22.60864873672166
389,0.8933333333333333,4.555494846639712,76.97822159774296,67.9147596748861,63.244942027178666,21.816744869231282,17.50014859006455,11.794205693522988,21.315778447575195
390,0.32,55.83602141930759,64.86322095436599,63.663472531303675,63.63840167676442,20.97628022804649,19.26131923285269,19.42610860202923,16.535707157993745
391,0.9,3.8240828889000413,77.83125082964463,67.81018139563153,63.25464926788155,21.863372102091027,17.054536304087108,11.782699523081918,21.074717591586722
392,0.4866666666666667,49.25407287856689,73.56721049292742,64.62886969708511,62.9042079346445,17.780531751175992,21.803574559215726,14.765393812973677,19.528858180425882
393,0.4066666666666667,54.275523267084246,65.70184931946278,63.756998350430884,63.76842213019566,19.552074494043058,19.32390727293092,17.641290553123778,16.19507364507214
394,0.9666666666666667,-25.755786773771725,79.17952706307685,70.07292806644317,63.31925587554015,24.940700654906166,16.50825543411319,11.660712289677209,20.828197398535323
395,0.6933333333333334,40.39850611496899,74.43399522852577,65.51119254517519,63.478004496029655,17.71910355430739,18.976971806614777,13.05282716549175,21.999409454449285
396,0.44,51.180688210571,72.15793673828588,64.4561774856185,63.47072832094621,18.190551068717127,21.355679821360205,15.575664721659633,23.698885104139787
397,0.52,48.44183436343591,73.67769978073012,64.71327190762095,63.13246179660842,17.68477524294175,22.039113238782118,14.508997207060276,19.531481445447334
398,0.03333333333333333,56.212181365341216,70.33211090839308,63.910628447506895,62.873205556494334,21.566986683008082,25.49035428687716,20.05048166481249,24.037627445124414
399,0.0,58.4153185491345,65.7151986715554,63.47492395354299,63.00571091000427,25.190758708473158,18.538417031672008,26.134047452557336,17.28802855760515
400,0.5933333333333334,45.9959938832735,73.55868556580417,64.79742356888302,63.51013576401826,17.597863992576304,19.783238377549534,13.924176314808147,22.54449331715437
401,0.6933333333333334,40.3799654290447,74.42939055275409,65.32222645079975,63.50302666576246,17.72675440779834,18.97945064526756,13.049771789314283,21.995549331060438
402,0.62,45.16863383240182,73.85450425784998,64.94722909078025,63.56839190862456,17.545395452443604,19.448311031332736,13.738087313817221,22.276227172527193
403,0.66,43.25216511148598,73.9527908624699,64.99335982721897,63.41917220907542,17.620985915839114,19.45579661930444,13.431745751616429,22.373747145475768
404,0.0,58.41529180223569,65.71658030176086,63.475707714204326,63.00257802352663,25.190695000029542,18.541543310013815,26.134118589745743,17.285494358314676
405,0.76,31.501876462097258,74.97766927050456,66.09071077188301,63.41083748463315,18.703346109090518,18.56899498147617,12.427308109589525,21.749360669580582
406,0.72,38.10062593647549,74.85994344419413,65.33394596603793,63.47220231237685,17.98503141519572,18.602561351461315,12.858849106695436,21.714078919645235
407,0.19333333333333333,54.81811168224759,70.65032385112995,63.982976414258474,63.44747404220616,20.096775631036923,23.926782377645942,18.237667196809234,25.83714338904812
408,0.68,40.93325822665193,74.22012759999438,65.47311680071405,63.39407574038528,17.704927886281574,19.194955355160925,13.118922335057169,22.174940994237776
409,0.88,8.088660502263368,76.55474519357281,67.54753349296551,63.147828026913274,21.460886919551204,17.712177375759207,11.828367698453807,21.419834977091252
410,0.9,3.8180770731793636,77.83470667934904,68.23054356327086,63.23733315070562,21.863138691085855,17.053439422854964,11.782736058432212,21.076787880898017
411,0.38,52.0444671986892,72.51249580480798,64.27144995139129,62.96786585738843,18.53374935061203,22.744683422385716,16.05359011141081,20.667266651025205
412,0.5,48.80028981586942,73.8241578098704,64.69415143809341,62.9218664007701,17.765629732456272,21.709520036329515,14.641899945315819,19.334250091778358
413,0.9,3.9882181567131014,77.82374926305859,68.7729964987367,63.282832490357066,21.832562270104077,17.056952457145286,11.787535212022282,21.070160824507518
414,0.7533333333333333,35.095530419257145,74.95675315199794,65.51165234317736,63.38452453694975,18.262901286451093,18.621793947004317,12.62473336133521,21.8270945997811
415,0.02666666666666667,58.28865090991812,65.06380962595597,63.51261708761225,63.2230700272513,24.854862665019965,19.02627171599324,25.834417295882297,17.55865775276688
416,0.72,38.09164291615796,74.86143107463614,65.37995094129475,63.4588122307709,17.987513801359526,18.601820905622002,12.857942109006267,21.715256689839958
417,0.2,54.505176866693205,71.26206520913372,63.99888091127572,62.71024269858499,19.815088199391386,23.79916370995067,17.882817836450943,22.171764117771687
418,0.37333333333333335,55.376838426790464,64.4835374928269,63.67190289737212,63.73083467289378,20.531162875463522,18.98712938195351,18.868825927346123,15.833140735842552
419,0.8133333333333334,22.682058834174494,75.6231269818918,66.51685156795428,63.2621343686779,19.818848065343765,18.268558860064555,12.105301051215607,21.727320963031474
420,0.0,58.41543077389744,65.71770872722037,63.479640677180214,62.9987299777804,26.133905834458083,18.54348573854913,25.190885540603706,17.28392100853309
421,0.6133333333333333,45.25958451746533,73.72681555693998,65.03382422826277,63.51639654389766,17.600259614391867,19.59420028185474,13.782522097192167,22.41081660042484
422,0.7866666666666666,31.078420943006453,75.02043478730562,65.8736452059426,63.33852977087965,18.744237937216734,18.666185718458443,12.40776510692323,21.949948390651723
423,0.36,55.488443813079456,64.44959571448966,63.657970469252206,63.728447794540735,20.67132297341847,18.97086108863712,19.023848929501472,15.917503007930547
424,0.4,51.79482034345804,71.82905667135383,64.3006786020668,63.50036656150547,18.402899240590553,21.83167523846064,15.885786957999521,24.078023822842635
425,0.5933333333333334,45.99533966325768,73.55890446444948,64.8089887942935,63.50175025891156,17.598044518201835,19.783106029663415,13.924086890278751,22.54468918191726
426,0.02,58.29347155833337,65.07053297623655,63.525790460632265,63.212586338712384,25.910527847449917,19.08596427384359,24.91716500640289,17.623390422607706
427,0.4533333333333333,50.392307889108125,73.50149829532592,64.52981084448399,62.609658100009476,18.03349942466992,21.532395671095266,15.222104691664699,19.426380463551933
428,0.78,32.01013574831411,74.89176489552077,66.10259317541374,63.339920875356704,18.6264304009554,18.715941718182997,12.455959740823054,21.942874147393038
429,0.9933333333333333,-28.085311624607666,80.27531903413254,70.52294950151337,63.15042056786565,25.124168378072024,16.122511297682045,11.677493651456379,20.761928753144193
430,0.48,49.822133434838946,72.24525161875607,64.36973443256856,63.47373230460926,17.910531849774195,21.283290790735716,14.992583060886838,23.709001018890433
431,0.12,57.5222259405363,65.05918340845808,63.517604363696236,63.41751502154599,23.908172764641204,19.52805177415464,22.726450844561917,17.723890415742883
432,0.68,40.92015211457239,74.22050477404663,65.31816529857385,63.38930766285197,17.710659017587705,19.194756106048295,13.11659249655653,22.175248206313572
433,0.5133333333333333,48.560039655999546,73.5595411627855,64.67804028643089,63.1390096156661,17.7003086208956,22.13623336647555,14.543463722839139,19.65238555110581
434,0.76,34.597815330652985,74.60947755497448,65.73364019057736,63.32189030150053,18.333992028359063,18.970126018115774,12.596000737840306,22.13750876213994
435,0.9466666666666667,-14.910800949350293,78.57467500276094,70.25689708416024,63.19086160499149,23.859946640153264,16.762272037786992,11.683830267474498,21.017186436314073
436,0.96,-21.068977205143213,77.94225274119619,69.2533399554017,63.086972889232094,24.443417064032253,16.970463812021734,11.670950011585386,21.031640947778182
437,0.15333333333333332,56.253302046884954,67.33730849398157,63.67479766581731,63.02020027311764,21.665805784295056,20.619817014092124,20.160943407826675,18.862658966599867
438,0.48,49.79605355451536,72.24495866263287,64.49915412452833,63.48003735880821,17.923732018349824,21.2835164423924,14.984855051856856,23.708689096552117
439,0.68,40.93417906844893,74.21920302673811,65.2073956463759,63.402461316273865,17.706725487697888,19.195453464371734,13.118191191002014,22.17417308267386
440,0.12666666666666668,56.93300194843292,65.9428434574202,63.64435056335803,63.22820916442303,22.85190430400447,20.11307194279675,21.490927079543994,18.343941465965443
441,0.58,46.630513657041604,73.3430281949168,64.8396387671749,63.54778245390145,17.587464296485074,19.993690919644326,14.048280462455978,22.681936091050503
442,0.9733333333333334,-19.13782567652951,79.52367388926433,69.37911950655098,63.167912823448404,24.278432160381126,16.389139273113525,11.67818168643827,20.83201564156408
443,0.4666666666666667,50.611469890829255,72.45329532423281,64.35074558883261,63.4694864921546,18.0954529292731,21.009769887275898,15.323317375628031,23.44623003413882
444,0.6266666666666667,44.96140071030648,73.99716584405886,64.68065944092636,63.50974729806865,17.532089415332777,22.183486940424963,13.707071497495546,19.332363892825143
445,0.9866666666666667,-26.75461478366081,78.90473477199367,70.393617041543,63.15727170399522,25.067675882832983,16.57954633004025,11.673035764763794,20.863990607213534
446,0.7533333333333333,35.07526099674223,74.95826014336744,65.70494551511908,63.37137106569898,18.26738415770918,18.62107300985227,12.623253308101248,21.828255728917206
447,0.0,58.41528800872537,65.71756409457299,63.47589966398268,62.99936203232768,25.19068454700654,18.54330209004742,26.134130261754123,17.284069722631084
448,0.9,3.939135084827942,77.83608619718864,68.66754610527657,63.22882025284558,21.84123164397654,17.053007320418466,11.786171857978818,21.077603722341365
449,0.76,34.594969025357244,74.60680297461491,65.68985760096281,63.33412537151856,18.335071119114193,18.97148408119159,12.595650850319661,22.135351090267466
450,0.6866666666666666,41.73026571804876,73.85295993123229,65.06501597067667,63.399930168747275,17.745566106325157,19.589119881797576,13.244662023783116,22.51020573958508
451,0.3333333333333333,55.74313043937638,64.74357339867802,63.633565874060885,63.55432701487293,20.86905266011461,19.218183314557052,19.298963229716055,16.39899654383821
452,0.8533333333333334,15.633090421822905,75.77129393076095,65.7097683637597,63.26183117972722,20.533438168626216,18.138192708328916,11.960150006695473,21.614712084342354
453,0.6733333333333333,42.36722828929153,74.10200214207599,65.04739451991935,63.43653042425728,17.717863921938267,19.300555557115093,13.328759744459731,22.25661091905269
454,0.8,25.630419641407656,75.32512393801724,66.693449448699,63.29553637329731,19.402396672103038,18.44658839365766,12.188741950654277,21.8048064545709
455,0.7533333333333333,35.07569965117945,74.95842274364212,65.66408484547944,63.369410855435866,18.267537092858944,18.620996605664494,12.623202843823867,21.82837880296915
456,0.5733333333333334,46.7805150621026,73.26635620903369,64.80298380056857,63.53017255142096,17.610767097137302,20.114875210750913,14.089449594439854,22.821457257801264
457,0.4866666666666667,49.709468432216696,72.3029607323833,64.38717853176377,63.48801344009199,17.90744456034526,23.63326705517195,14.949520815357202,21.197606265536777
458,0.8266666666666667,20.18091040404825,75.91321176526897,66.5940609656706,63.24350166393149,20.103511304427187,18.067515182765916,12.040298166800843,21.583841534304685
459,0.6133333333333333,45.24493789437149,73.72599777190915,64.86471684033735,63.52755893655217,17.60798759255492,19.59470021536412,13.778815003634971,22.410068664660322
460,0.6666666666666666,42.93411569701223,74.04269679706421,65.05368719996056,63.42548367014676,17.65005639608269,19.3640829617371,13.39150384831363,22.30870598259667
461,0.006666666666666667,57.95155030496971,65.52946793650187,63.52069239327612,63.17853045140034,23.97490111489429,19.67690737648255,25.083676520442797,18.18708035279602
462,0.4666666666666667,50.61134609041337,72.17462316000639,64.34740323187962,63.47249601735074,18.095548774370364,21.416473172960846,15.323259176832835,23.813720945295724
463,0.38,55.35904128221035,64.21966119907465,63.62124226821391,63.75798841290424,20.46711470206581,18.83765270857982,18.808784571471897,15.784286158915815
464,0.7133333333333334,38.890816584456104,74.78267854592323,65.2591814354839,63.452418638235464,17.869760688945085,18.684502322475527,12.916630500073289,21.794398051375822
465,0.22,55.14101871530147,69.41103319094138,63.91358356237819,62.82398942623494,20.32420676853936,21.88961858785757,18.567894341600955,20.038564745394776
466,0.6866666666666666,41.731218782561136,73.85514684769606,65.02110245007894,63.39117964441291,17.74554098662374,19.58782629541227,13.244672467833622,22.51216904964733
467,0.42,51.46310417196209,71.99211669136729,64.36162917767064,63.446529319668265,18.3104416755478,23.754951170289523,15.718316718355457,21.523610881162444
468,0.88,8.461227264692585,76.56210250968013,66.62114083238764,63.08964925458727,21.39718076345327,21.424511450560644,11.83909623673133,17.709534683705773
469,0.006666666666666667,58.34707203756608,65.71799631751163,63.504461615733526,62.957463939973685,25.043256204024637,18.534165705357914,26.014413342564392,17.284819146133092
470,0.9866666666666667,-26.498405472587944,80.10047257124441,71.0594278539041,63.2050530098304,25.0336057646968,16.20041402741776,11.67648451228838,20.808695256290488
471,0.28,56.276838806665005,64.49762602211857,63.59564252129676,63.64480747917293,21.6071677200859,19.175338339712756,20.14046064043165,16.676166326515535
472,0.02,58.29345633675384,65.0709057394117,63.52338650654114,63.20674567906734,25.910521473718553,19.084844196389824,24.917170674811295,17.624272374619654
473,0.6066666666666667,45.56475688761468,73.6849141171731,64.91181710474278,63.446769685942535,17.590726707697595,19.645542130824357,13.834048798807235,22.45165265980746
474,0.7333333333333333,37.14772174839184,74.62654038359801,65.43874262453703,63.28919353426367,18.05258126402454,22.0396613142299,12.775572168496819,18.913394630184644
475,0.9466666666666667,-6.161827906922917,77.40867027467218,68.69227967800282,62.995119188857004,22.941998611243925,21.081216240111115,11.726358174812267,17.174168229041967
476,0.6533333333333333,43.64210181894573,73.84352532672624,65.24528772723619,63.45929600790152,17.57366289226384,19.52128520741058,13.488042660229544,22.40098306745488
477,0.7466666666666667,35.827944567677896,74.8293512073546,65.74370951834435,63.35040735477235,18.1814827449341,18.75573839279486,12.674238314227608,21.93032801119733
478,0.52,48.906994061894764,72.65152842672416,64.56762715530783,63.47789732965526,17.790030979561212,20.734147346655433,14.678142770895583,23.251290069009606
479,0.02,58.293583303708836,65.07094594008713,63.521151376751725,63.207475413624536,24.91742962499238,19.085406986452554,25.910230311910603,17.623829196244145
480,0.8333333333333334,18.540091878531182,76.11980917508033,66.79782825903418,63.320577724261554,20.322425258244383,17.971056811427722,12.000947152535014,21.554288079239196
481,0.6066666666666667,45.56706270692098,73.68433768604436,64.94041226883195,63.455341786583766,17.589485179839926,19.645881345418786,13.834652785617827,22.451146367323
482,0.62,45.17335566018258,73.85503113850828,65.00135117514934,63.55755095086443,17.542954119424337,19.447988275765205,13.739259678154509,22.276712213000206
483,0.22,54.658537458600776,70.82216976476593,63.98138444337315,63.43991720030012,19.945113596275103,23.616358267915675,18.05949273415442,25.560472740018643
484,0.7866666666666666,31.104510535501394,75.03078626219587,65.68007340505099,63.30183265838048,18.73864829280237,18.661213568959884,12.409387443550907,21.95804105672408
485,0.04666666666666667,56.11403948876745,70.42493373228706,63.8697029835628,62.87413025386263,21.451380047104298,25.35073621030018,19.902013901765695,23.86382064278598
486,0.38,52.535206648958294,71.66402226118196,64.17697396251309,63.4619937337327,18.667055405435107,24.36307895722022,16.32480324403759,22.135996822689876
487,0.7266666666666667,37.38088827850076,74.42889669409952,65.49662875604797,63.382755325004304,18.066155785014924,19.036332654392496,12.802021876640762,22.090533882412814
488,0.8666666666666667,12.32318436440907,76.1960939721455,67.79575056981855,63.30566975045118,20.96979153398162,17.904047274786844,11.890133169249543,21.50850820404423
489,0.6933333333333334,40.38029178090638,74.43550649490986,65.31601138520186,63.46051950899955,17.72669169613051,18.976169936115923,13.049796808488455,22.000658910810067
490,0.5066666666666667,49.222882988284724,72.49859448770187,64.5261663441497,63.543981023568875,17.864188518413552,20.947620144499773,14.797008543127783,23.431103557583743
491,0.3333333333333333,53.06559133785703,71.35660096269656,64.14220257650919,63.599197160337944,18.96735244954482,22.576242962182974,16.711787785115384,24.697246465437996
492,0.0,58.415386511356566,65.71800980838279,63.47912434007374,62.99710633250747,26.133988022068674,18.54372385767562,25.1908119334983,17.28372819773914
493,0.9066666666666666,1.6586303849304387,77.12411015084804,68.89743869636457,63.27202317025881,22.099919942362767,17.358491861027442,11.76790714810953,21.18991581575119
494,0.7533333333333333,35.092888335669535,74.95724214523307,65.5238227920805,63.38088919803003,18.263574712798363,18.621558385965727,12.624510921823335,21.827473955177062
495,0.8466666666666667,15.801342305067733,76.39585798691802,67.27347534477148,63.261413310285675,20.609053911311484,17.808533621275043,11.946724611927605,21.466655015195407
496,0.36666666666666664,52.68835355828421,71.54970502601023,64.15452764897762,63.483503166194204,18.758089899923963,22.338850294148322,16.432161242415592,24.54879720830672
497,0.0,58.41543705662753,65.71560259171973,63.47324203881547,63.0048914181708,25.191009585115488,18.53937715338307,26.133767333252397,17.287250016250844
498,0.0,58.415474852516525,65.71788810990417,63.472867156544346,62.99782948153692,25.19108677003908,18.543658887160777,26.133681155000833,17.283780804553704
499,0.9333333333333333,-6.93847689580529,77.94010807463414,70.67393206905966,63.22749107870748,22.947612590722354,16.974540675313495,11.721429848477802,21.005498712965124
500,0.9066666666666666,1.525297023574045,77.15695296116006,68.23945341722191,63.18317431536117,22.123966422007776,17.34686579882002,11.76428414976073,21.211117593312725
501,0.0,58.415539680644265,65.71830303295945,63.47230209233491,62.99420943824225,25.191217798002842,18.543341755592728,26.133534863865776,17.284037601736557
502,0.68,40.92339754030018,74.22022439781924,65.27395133829928,63.39297293900885,17.709898045775876,19.194903866724424,13.116901647679521,22.175020379500214
503,1.0,-31.06327626012347,80.64774321214043,70.629378948782,63.179477285759056,25.338680614288425,16.02715291596259,11.692111985803079,20.735275823928195
504,0.32,53.26615645254891,71.20362902060387,64.11211684563219,63.540595893972,19.04753068146563,22.779585356251104,16.848902566795402,24.847380455727258
505,0.02,58.293491321189286,65.07061824462632,63.522481937502164,63.21214355510767,25.91043679265153,19.08615789916767,24.917245985763888,17.62323799066569
506,0.7533333333333333,35.0754263571665,74.95849522038476,65.71337851191467,63.36846823059491,18.267279447279176,18.620962724558552,12.623287860664082,21.82843338077516
507,0.7333333333333333,37.1309193879341,74.61858928823055,65.6002650413989,63.349888088935934,18.0565265298463,18.917402537221296,12.774174559129728,22.033324097471528
508,0.6666666666666666,42.93767588603178,74.04213078260435,64.95852643806998,63.43196957845143,17.649485857348626,19.36440350827419,13.391753059810732,22.308215867218124
509,0.9133333333333333,-1.6661278840852076,77.2580192285021,68.06848584002651,63.17806212616951,22.497183820621313,17.257234650576752,11.735008588190656,21.116482596468696
510,0.6666666666666666,42.93673158748043,74.04035732074617,64.96671179183086,63.44509320099084,17.64977347831215,19.365418270147902,13.391627422124218,22.30666467060067
511,0.30666666666666664,53.440229849453594,71.09498631872309,64.1168132127908,63.4921431133432,19.132275629777308,25.063697598026636,16.977884242280272,23.00027794583951
